id|user_id|currency|current_balance|created_at|upadted_at|total_deposits|total_successful_deposits|active_deposit_30days|active_deposit_90days|total_successful_value_usd
wa0817387533-lbp|0817387533|LBP|158.16|2024-10-24 01:59:11|2024-10-27 03:52:03|30|28|9|30|121.812153
wa1979198372-isk|1979198372|ISK|826.59|2024-07-23 02:13:18|2024-12-31 20:30:51|43|39|7|20|3859.0776450000003
wa9146669647-mdl|9146669647|MDL|651.51|2023-11-14 11:50:35|2024-01-21 08:23:51|39|39|2|8|642.421996
wa9146669647-mvr|9146669647|MVR|614.9|2025-01-03 18:21:54|2025-01-06 14:20:36|17|16|17|17|1497.922245
wa9146669647-xaf|9146669647|XAF|853.21|2023-04-25 16:34:45|2023-06-22 18:47:02|33|31|1|5|231.654696
wa3419872890-szl|3419872890|SZL|871.91|2024-11-14 19:23:43|2025-01-08 02:04:54|22|21|15|22|1333.886697
wa3419872890-pen|3419872890|PEN|121.5|2025-01-06 06:10:39|2025-01-10 11:01:58|32|30|32|32|3056.051766
wa2125398960-awg|2125398960|AWG|883.2|2024-07-25 09:31:06|2024-08-19 12:27:25|14|14|3|8|85.19202
wa2125398960-syp|2125398960|SYP|984.61|2024-04-05 06:59:30|2024-12-02 03:03:17|32|30|5|13|1244.773847
wa9785727425-cuc|9785727425|CUC|976.82|2024-10-22 04:35:53|2025-01-02 13:02:59|18|16|10|18|928.6278660000002
wa8079578459-aoa|8079578459|AOA|810.71|2024-07-09 15:48:39|2024-12-21 23:49:16|19|18|3|9|1263.7239
wa7049957459-dzd|7049957459|DZD|774.43|2024-10-04 04:42:43|2024-10-23 11:16:45|26|24|8|24|2249.55851
wa7049957459-cdf|7049957459|CDF|581.62|2023-11-28 19:18:32|2024-04-19 12:48:29|29|29|3|5|3388.8011400000005
wa3415893782-dop|3415893782|DOP|171.27|2025-01-03 09:44:28|2025-01-06 08:31:59|26|25|26|26|207.337009
wa5677589239-dzd|5677589239|DZD|337.51|2024-03-18 18:09:31|2024-06-10 18:02:46|37|34|2|8|4085.0954619999998
wa5677589239-tnd|5677589239|TND|31.94|2023-08-18 06:27:17|2024-11-29 19:20:02|20|18|1|3|706.200166
wa7163600209-krw|7163600209|KRW|754.79|2022-08-07 18:33:30|2023-07-25 13:02:09|45|43|4|9|3468.913392
wa7163600209-gip|7163600209|GIP|714.06|2024-05-18 22:23:31|2024-08-31 04:29:00|22|22|3|7|1210.00696
wa7163600209-zwd|7163600209|ZWD|28.99|2024-10-29 02:30:06|2024-11-22 16:28:59|16|16|8|16|306.17877599999997
wa7163600209-htg|7163600209|HTG|119.39|2022-05-08 06:03:41|2023-04-09 22:36:55|22|21|0|2|533.1249720000001
wa3255177997-fjd|3255177997|FJD|145.91|2024-10-28 07:36:08|2024-11-09 23:46:28|16|16|7|16|1346.398644
wa3255177997-bam|3255177997|BAM|431.57|2024-12-15 03:59:09|2024-12-28 14:30:16|48|45|48|48|386.59837699999997
wa3255177997-bob|3255177997|BOB|359.01|2024-10-20 10:18:23|2024-11-20 20:03:50|45|44|21|45|2630.04434
wa8894720351-imp|8894720351|IMP|445.14|2024-08-06 22:01:13|2024-09-24 06:57:18|38|34|8|23|1446.082288
wa9677001723-sdg|9677001723|SDG|188.56|2024-08-16 01:11:06|2024-11-25 05:55:03|11|8|4|8|508.354947
wa9677001723-afn|9677001723|AFN|678.48|2024-10-29 17:53:19|2024-12-11 10:19:40|23|23|8|23|2521.118852
wa6480347263-btn|6480347263|BTN|492.58|2022-07-13 01:26:37|2022-09-27 23:18:31|14|14|0|2|498.66740000000004
wa6451644387-usd|6451644387|USD|442.18|2023-05-26 07:11:49|2024-02-05 11:22:00|39|34|2|4|927.260182
wa6451644387-twd|6451644387|TWD|142.33|2024-03-06 19:59:21|2024-03-27 06:39:10|29|27|7|12|807.756256
wa0485837296-vef|0485837296|VEF|137.97|2024-07-17 01:24:08|2024-10-29 12:49:52|42|37|11|25|2030.8703810000002
wa3325595648-bob|3325595648|BOB|611.15|2024-09-13 02:53:30|2024-11-21 09:36:41|15|15|3|12|1235.499859
wa2151660861-gmd|2151660861|GMD|964.96|2024-05-03 23:16:44|2024-08-26 15:30:32|42|39|5|17|3956.448132
wa1810500785-uah|1810500785|UAH|857.65|2024-05-31 15:48:22|2024-06-06 15:48:16|18|17|2|9|467.74269
wa1810500785-cdf|1810500785|CDF|734.79|2023-05-28 13:07:59|2024-07-27 01:25:11|35|35|3|6|4094.4605520000005
wa2320991026-aed|2320991026|AED|294.91|2024-08-01 04:46:54|2024-09-30 11:45:06|11|11|1|8|892.951425
wa2320991026-rsd|2320991026|RSD|603.8|2024-08-23 18:36:38|2024-10-10 04:41:46|22|21|5|13|474.22956999999997
wa7212445158-mur|7212445158|MUR|117.97|2022-07-02 21:34:15|2024-07-16 02:02:12|23|23|0|2|1029.672926
wa7212445158-bmd|7212445158|BMD|861.25|2022-09-03 14:28:13|2022-11-17 20:43:44|32|31|1|2|1838.2399289999998
wa7212445158-hkd|7212445158|HKD|798.33|2023-02-21 22:02:49|2023-12-06 23:34:24|23|23|0|1|2694.313172
wa5815771310-cve|5815771310|CVE|23.15|2024-07-26 20:08:12|2024-08-23 19:02:22|17|15|2|7|95.22084600000001
wa5815771310-shp|5815771310|SHP|766.51|2023-11-23 05:47:45|2024-08-11 02:53:46|11|10|1|2|223.735536
wa9074217629-mvr|9074217629|MVR|450.51|2023-06-18 19:27:59|2024-02-17 21:53:09|15|13|1|1|1816.86285
wa9074217629-top|9074217629|TOP|738.05|2023-11-28 18:53:13|2024-12-28 18:24:38|48|47|3|8|2748.6201600000004
wa3318314626-xaf|3318314626|XAF|468.73|2023-10-07 20:13:19|2024-04-26 13:39:16|22|19|0|1|187.699644
wa7918325660-xof|7918325660|XOF|215.56|2023-10-30 16:39:20|2024-09-14 20:31:41|21|19|1|2|1285.072068
wa4839168964-tzs|4839168964|TZS|569.79|2024-10-18 02:34:13|2024-11-25 11:57:04|49|49|20|49|4218.682348
wa2616545093-pyg|2616545093|PYG|457.62|2024-06-22 18:02:19|2024-12-27 02:31:24|29|29|5|16|2670.79972
wa2616545093-bif|2616545093|BIF|108.02|2023-10-17 20:05:04|2024-08-13 17:34:11|33|33|2|8|876.535056
wa6788980882-sbd|6788980882|SBD|866.05|2024-12-01 14:19:57|2024-12-02 05:46:37|16|14|11|16|1229.808946
wa2715192071-kgs|2715192071|KGS|545.62|2024-04-19 06:36:52|2024-05-01 22:14:07|35|33|4|7|297.67536
wa2085918165-kpw|2085918165|KPW|921.11|2024-12-12 22:46:59|2024-12-27 20:24:32|34|33|34|34|1334.993277
wa2085918165-shp|2085918165|SHP|34.66|2023-08-09 08:21:50|2024-08-31 23:22:59|49|44|4|10|884.1679780000001
wa2513943712-nzd|2513943712|NZD|921.81|2024-12-24 19:19:59|2025-01-05 17:43:25|23|21|23|23|253.07704
wa9461817167-bbd|9461817167|BBD|585.77|2024-07-26 05:49:00|2024-10-30 04:13:41|17|17|2|8|1259.190016
wa9461817167-gmd|9461817167|GMD|734.32|2024-05-07 18:58:07|2024-10-03 21:42:10|31|27|3|14|2596.86882
wa6452810779-cve|6452810779|CVE|373.14|2023-07-09 00:14:10|2024-10-20 04:30:07|21|21|1|4|121.81995
wa9329639089-tnd|9329639089|TND|451.18|2024-03-18 03:24:40|2024-10-18 08:37:32|40|35|5|15|1014.25366
wa4771933882-inr|4771933882|INR|676.53|2024-06-28 09:39:48|2024-11-09 16:48:52|47|44|5|22|3711.42261
wa4771933882-all|4771933882|ALL|60.56|2024-06-05 04:21:55|2025-01-06 00:54:48|39|37|5|15|1087.546145
wa1610456798-jod|1610456798|JOD|718.66|2024-06-22 09:12:29|2025-01-09 17:42:05|49|49|6|23|3583.3634079999997
wa3109059430-cuc|3109059430|CUC|371.29|2023-04-30 11:50:09|2024-05-07 04:07:22|43|39|2|5|2763.402708
wa8376643532-thb|8376643532|THB|432.8|2024-11-19 09:17:48|2024-12-31 04:41:34|19|15|8|19|1337.48947
wa1985041242-hkd|1985041242|HKD|98.82|2024-06-08 14:35:28|2024-06-21 13:07:36|46|44|9|21|4077.431618
wa6727792809-tnd|6727792809|TND|502.35|2024-10-07 14:04:18|2024-10-08 06:04:22|50|46|14|47|1242.8546199999998
wa6727792809-lak|6727792809|LAK|964.97|2024-03-20 05:03:19|2024-07-24 21:05:03|23|22|3|8|510.16979
wa5175849471-svc|5175849471|SVC|124.3|2024-09-18 11:48:39|2024-10-30 21:07:01|23|22|8|19|1764.388777
wa5881861626-crc|5881861626|CRC|755.27|2024-04-29 06:21:59|2024-07-06 21:14:23|16|16|5|8|1345.278132
wa5881861626-gbp|5881861626|GBP|321.27|2024-06-11 23:45:35|2024-12-12 11:49:12|44|43|5|17|4956.388513999999
wa2726410879-sgd|2726410879|SGD|367.86|2024-01-05 14:52:05|2024-10-01 13:55:57|13|13|3|4|1510.729808
wa2726410879-tjs|2726410879|TJS|810.61|2023-07-19 04:44:06|2023-08-28 22:56:45|43|39|2|8|4410.774536
wa0095951743-shp|0095951743|SHP|504.01|2024-12-28 07:58:42|2025-01-10 09:24:59|40|38|40|40|870.223078
wa0095951743-aoa|0095951743|AOA|914.46|2025-01-07 16:56:42|2025-01-08 15:08:48|38|35|38|38|2235.12005
wa7953005062-mnt|7953005062|MNT|936.83|2023-06-19 10:22:39|2024-11-25 01:10:00|36|34|6|6|559.641922
wa7953005062-cup|7953005062|CUP|30.07|2023-06-06 20:38:20|2023-08-11 12:27:02|30|28|1|5|2058.613104
wa5428758563-qar|5428758563|QAR|855.89|2024-11-12 18:22:26|2024-12-11 16:11:19|12|12|6|12|620.815233
wa0989373849-krw|0989373849|KRW|590.66|2025-01-01 04:37:29|2025-01-09 20:59:08|21|17|21|21|1567.389135
wa4298154027-std|4298154027|STD|484.85|2022-10-07 01:53:41|2023-03-13 10:31:11|43|42|2|3|344.02305
wa3318989968-imp|3318989968|IMP|950.38|2024-12-13 23:39:13|2025-01-07 22:12:20|30|29|30|30|1120.075626
wa3318989968-azn|3318989968|AZN|927.54|2024-10-12 13:06:24|2024-10-17 20:55:32|31|30|10|30|1986.1853449999999
wa1111426940-sgd|1111426940|SGD|437.71|2023-11-17 17:50:10|2023-12-10 21:01:41|26|26|0|4|3094.2872660000003
wa0637918936-pkr|0637918936|PKR|575.94|2024-07-16 07:07:58|2024-07-17 15:10:19|31|30|2|15|1495.10556
wa8706817544-bhd|8706817544|BHD|274.4|2023-05-15 04:31:35|2024-06-25 20:59:34|14|14|2|3|1540.553826
wa8706817544-aoa|8706817544|AOA|229.93|2024-05-27 04:57:23|2024-12-21 10:53:38|34|34|6|13|2456.31419
wa7242103996-gtq|7242103996|GTQ|331.2|2024-07-30 00:44:41|2024-10-07 19:27:32|42|35|3|20|1906.469734
wa7242103996-uzs|7242103996|UZS|201.41|2024-08-08 07:04:35|2024-10-20 19:05:33|39|37|5|20|1672.849502
wa8196535813-eur|8196535813|EUR|523.82|2024-07-19 19:38:18|2024-08-20 02:08:29|21|19|7|12|1510.905
wa3143968745-tvd|3143968745|TVD|536.17|2024-11-30 21:46:20|2024-12-31 16:47:23|29|26|19|29|1816.02039
wa6492767993-xpf|6492767993|XPF|882.13|2023-09-11 18:18:40|2023-11-08 14:19:58|48|46|2|10|3436.176744
wa6492767993-mdl|6492767993|MDL|878.9|2023-07-25 07:58:14|2024-10-04 09:02:08|11|10|0|2|155.075815
wa7439764333-kmf|7439764333|KMF|878.08|2023-08-16 02:03:45|2024-09-22 21:36:17|25|25|3|8|450.35287999999997
wa7439764333-sos|7439764333|SOS|241.84|2024-04-09 00:56:06|2024-12-04 17:27:47|13|13|0|3|1421.973786
wa5361439421-ars|5361439421|ARS|666.27|2024-10-14 19:17:59|2024-12-26 06:47:56|26|25|6|26|921.803868
wa5361439421-pgk|5361439421|PGK|307.51|2024-12-24 02:47:06|2025-01-08 09:49:26|12|12|12|12|118.33160000000001
wa9786340134-pgk|9786340134|PGK|98.42|2024-10-02 16:24:00|2024-10-19 10:08:26|42|41|14|39|575.06536
wa8966570207-pyg|8966570207|PYG|506.23|2024-07-02 05:48:14|2024-12-15 15:02:57|46|43|9|21|4889.493281
wa0389935850-ars|0389935850|ARS|431.0|2024-09-28 07:45:12|2024-11-02 06:54:13|25|23|6|18|993.298602
wa0814112905-jep|0814112905|JEP|139.76|2024-02-09 04:03:50|2024-03-23 19:21:58|17|17|2|3|1595.837842
wa6046564998-mzn|6046564998|MZN|150.36|2024-11-27 10:05:53|2024-12-04 13:52:47|22|20|16|22|1056.873795
wa5680392554-szl|5680392554|SZL|922.36|2024-12-21 18:48:34|2024-12-26 09:01:57|31|30|31|31|1993.239897
wa5680392554-pgk|5680392554|PGK|690.81|2024-07-19 20:34:48|2025-01-10 16:08:55|17|15|4|14|166.56788
wa7181477366-kmf|7181477366|KMF|371.37|2024-09-11 00:01:30|2025-01-07 07:19:35|11|10|2|6|208.03723
wa7181477366-mdl|7181477366|MDL|480.37|2024-03-30 09:38:56|2024-09-06 17:31:22|23|21|3|7|316.13911900000005
wa4908617590-mwk|4908617590|MWK|92.8|2023-11-26 21:37:17|2024-09-09 22:29:40|38|37|3|12|2848.000589
wa4908617590-pln|4908617590|PLN|54.05|2024-08-18 12:41:10|2024-12-21 20:40:43|42|38|8|27|1571.683035
wa6271531388-dop|6271531388|DOP|452.37|2022-09-22 10:02:41|2023-10-20 13:45:47|12|11|1|2|104.822817
wa0761026440-aoa|0761026440|AOA|836.28|2023-10-13 08:45:12|2024-04-12 14:06:58|42|39|1|6|2595.35464
wa1193970305-aud|1193970305|AUD|616.27|2024-05-24 11:57:55|2024-10-17 00:25:19|39|36|4|14|1960.1386349999998
wa5447126266-ggp|5447126266|GGP|307.98|2024-09-12 05:24:53|2024-10-09 03:49:30|21|20|4|16|2320.0543620000003
wa4103177620-mur|4103177620|MUR|886.73|2023-05-05 03:14:01|2023-06-24 23:54:13|13|13|0|2|753.367841
wa4103177620-bsd|4103177620|BSD|51.76|2024-09-17 21:13:55|2024-11-13 00:17:41|32|31|12|28|1721.0477170000001
wa8648149061-btn|8648149061|BTN|426.03|2023-11-03 14:35:50|2024-02-14 15:29:17|31|30|0|4|1034.3179
wa2072983633-mga|2072983633|MGA|977.05|2022-09-27 03:29:46|2022-09-29 00:20:19|28|27|0|0|350.51148
wa5746522115-lyd|5746522115|LYD|614.61|2024-10-28 07:39:49|2024-10-31 14:13:56|42|40|15|42|1534.879371
wa5746522115-ang|5746522115|ANG|456.5|2023-06-15 11:10:47|2023-08-21 17:13:11|28|26|2|5|2815.159275
wa8680995283-all|8680995283|ALL|58.76|2024-10-13 17:00:51|2024-10-14 10:42:58|29|27|7|29|1003.58266
wa6200626946-uah|6200626946|UAH|417.74|2024-07-09 02:26:14|2024-11-30 03:52:05|14|12|2|5|391.54215
wa6200626946-cve|6200626946|CVE|917.61|2024-02-09 11:11:50|2024-07-08 19:45:23|37|32|3|8|149.107392
wa2972928202-tmt|2972928202|TMT|203.9|2024-01-26 12:45:53|2024-01-31 18:20:53|49|47|3|12|3564.035125
wa8379194512-khr|8379194512|KHR|383.93|2023-10-10 17:34:15|2024-11-27 11:32:46|40|40|3|9|2297.8509839999997
wa5168604388-zwd|5168604388|ZWD|224.76|2023-07-24 04:40:05|2023-11-23 15:00:13|27|26|1|2|648.3378779999999
wa5168604388-mga|5168604388|MGA|188.51|2023-08-01 06:35:07|2024-04-23 03:35:19|12|11|3|4|153.67836
wa5168604388-nio|5168604388|NIO|258.82|2024-01-14 11:16:46|2024-09-01 10:50:39|19|17|2|4|1299.076947
wa9726518295-uah|9726518295|UAH|348.88|2024-12-13 20:17:19|2025-01-10 08:29:47|12|12|12|12|417.41286
wa9726518295-tzs|9726518295|TZS|977.52|2023-12-08 15:06:26|2024-09-03 12:23:59|37|35|3|9|3120.791296
wa1890965299-lsl|1890965299|LSL|408.91|2023-09-26 14:06:59|2024-05-08 06:42:48|39|37|2|6|4121.843076
wa1890965299-mop|1890965299|MOP|907.05|2024-07-28 19:36:16|2024-09-19 14:17:50|38|36|5|21|1779.944976
wa6197751692-kmf|6197751692|KMF|542.22|2024-08-08 14:27:44|2024-10-08 16:36:36|26|26|5|13|840.17894
wa8370415306-ltl|8370415306|LTL|814.15|2023-03-14 01:30:56|2023-12-10 06:40:25|25|24|2|5|1.4749379999999999
wa9082932096-ils|9082932096|ILS|768.49|2024-03-11 16:57:58|2024-09-19 17:36:12|26|23|5|12|96.230472
wa5382131119-clp|5382131119|CLP|678.27|2022-10-21 19:13:41|2024-07-15 02:38:35|37|35|2|6|2351.724968
wa0807374721-mur|0807374721|MUR|967.87|2024-01-31 08:58:54|2024-11-18 14:58:03|28|26|3|11|1381.536599
wa0807374721-lsl|0807374721|LSL|434.8|2024-10-08 11:25:48|2024-10-31 20:32:48|48|47|18|47|4736.0551319999995
wa1386393696-bam|1386393696|BAM|790.92|2025-01-08 08:08:21|2025-01-08 09:21:33|13|12|13|13|80.994017
wa1386393696-bbd|1386393696|BBD|128.73|2024-12-29 01:34:37|2025-01-08 17:24:52|18|16|18|18|1086.915256
wa7375238433-lak|7375238433|LAK|650.57|2024-07-18 08:22:05|2024-11-02 01:39:09|22|22|6|13|330.34169999999995
wa5613205787-hnl|5613205787|HNL|490.87|2024-10-16 11:18:10|2024-11-07 10:01:16|26|26|10|26|2800.2309960000002
wa2208151056-thb|2208151056|THB|748.92|2024-11-13 10:44:25|2024-12-07 23:36:57|35|33|18|35|3626.218251
wa2021991646-tzs|2021991646|TZS|510.86|2024-04-27 23:29:45|2024-07-13 16:29:19|47|45|4|14|3869.21345
wa1235312094-bnd|1235312094|BND|88.47|2024-03-28 22:48:45|2024-04-30 12:19:58|44|41|7|12|3735.4972709999997
wa9073421753-syp|9073421753|SYP|711.53|2024-05-26 23:33:39|2024-10-20 03:43:48|36|34|6|20|1286.354202
wa9073421753-shp|9073421753|SHP|638.4|2024-02-16 14:58:15|2024-10-15 02:16:03|14|13|1|3|260.7993
wa3332547882-eur|3332547882|EUR|132.21|2024-11-11 21:23:03|2024-12-05 17:55:16|22|22|9|22|2186.118
wa3332547882-tvd|3332547882|TVD|643.58|2024-12-28 11:27:44|2025-01-04 16:29:07|15|15|15|15|1078.796496
wa3332547882-egp|3332547882|EGP|647.58|2024-09-10 22:32:36|2024-09-29 22:53:43|23|21|4|18|2182.36774
wa3332547882-nok|3332547882|NOK|717.2|2024-04-14 04:04:56|2024-12-01 02:26:09|20|19|2|5|718.071464
wa9564013291-lkr|9564013291|LKR|531.13|2024-11-26 15:07:24|2024-12-27 23:21:45|49|46|32|49|1044.3803699999999
wa3563431603-ron|3563431603|RON|33.65|2024-12-31 04:15:25|2025-01-08 11:15:43|47|46|47|47|1096.666972
wa3563431603-isk|3563431603|ISK|685.18|2022-07-05 02:16:13|2022-10-20 01:33:47|35|34|0|1|3349.558837
wa6503592745-kes|6503592745|KES|106.72|2025-01-02 05:50:02|2025-01-08 23:07:56|44|42|44|44|4015.674912
wa6503592745-btn|6503592745|BTN|502.65|2024-12-24 08:33:17|2025-01-08 06:36:03|39|37|39|39|1334.4908500000001
wa9897131208-rsd|9897131208|RSD|235.06|2024-08-19 16:11:18|2024-11-16 04:15:10|43|40|12|26|801.012315
wa2275098217-uah|2275098217|UAH|936.09|2023-07-29 22:27:19|2024-09-08 01:31:37|22|20|2|4|778.24818
wa2275098217-byr|2275098217|BYR|373.58|2024-05-12 07:51:48|2024-12-15 23:15:42|37|36|7|14|4185.8565
wa8938266642-zwd|8938266642|ZWD|741.84|2024-07-20 22:45:38|2024-10-20 10:37:45|35|34|6|18|772.440435
wa7123202703-sbd|7123202703|SBD|993.73|2023-09-25 01:26:24|2024-11-16 01:04:04|48|44|4|8|4908.242246
wa3979322039-pyg|3979322039|PYG|916.22|2024-04-18 21:09:55|2024-06-02 04:29:52|28|26|2|11|2758.101942
wa6154143269-thb|6154143269|THB|791.24|2023-06-12 05:22:31|2024-05-25 14:30:34|43|40|2|4|5094.397984
wa6154143269-ngn|6154143269|NGN|109.82|2022-10-03 09:38:11|2023-08-26 02:06:01|17|16|0|2|780.026395
wa6154143269-omr|6154143269|OMR|80.21|2024-10-01 13:59:29|2024-11-10 01:34:44|34|31|10|27|3080.217308
wa6433666373-gnf|6433666373|GNF|348.99|2024-01-22 05:35:25|2024-09-20 05:46:55|20|17|2|5|1139.463052
wa2344195235-lak|2344195235|LAK|339.75|2023-10-06 00:57:48|2024-01-12 18:54:54|34|32|2|10|615.711148
wa2252217617-dop|2252217617|DOP|71.33|2024-07-21 07:00:20|2024-11-26 11:01:02|43|37|7|21|271.777759
wa7910574756-fkp|7910574756|FKP|624.48|2022-05-06 21:51:58|2024-01-11 16:29:00|32|31|4|7|2305.220608
wa7910574756-ngn|7910574756|NGN|23.71|2023-01-11 07:13:00|2025-01-06 08:47:44|24|23|1|6|1359.801515
wa2983814248-qar|2983814248|QAR|647.49|2023-10-17 17:48:17|2023-12-27 17:06:42|36|35|3|7|1411.0318590000002
wa2983814248-gnf|2983814248|GNF|651.97|2023-10-15 16:16:48|2024-10-24 13:47:10|30|27|1|3|2622.063548
wa5526891340-pen|5526891340|PEN|530.54|2023-05-15 17:21:34|2024-12-20 22:05:25|22|22|2|3|2479.7334889999997
wa7532885113-htg|7532885113|HTG|962.74|2023-06-08 06:15:33|2025-01-08 08:18:06|40|34|1|2|847.799403
wa7532885113-std|7532885113|STD|321.51|2022-10-08 20:17:03|2023-09-14 11:25:31|34|31|0|6|329.30415
wa5716005411-scr|5716005411|SCR|970.82|2024-03-10 06:17:17|2024-04-23 13:47:26|28|26|4|8|1295.8290299999999
wa8471854062-php|8471854062|PHP|372.19|2024-08-06 22:54:18|2024-10-10 05:57:01|12|10|1|6|1022.212199
wa8471854062-mop|8471854062|MOP|878.73|2024-07-13 01:13:20|2024-08-26 18:20:20|34|31|5|20|1671.0116400000002
wa8377930029-tmt|8377930029|TMT|299.81|2022-12-02 04:32:38|2023-08-03 01:04:22|27|25|0|2|1279.141948
wa1683278914-eur|1683278914|EUR|953.36|2024-12-29 02:13:13|2025-01-08 23:04:14|15|14|15|15|885.8437499999999
wa1683278914-php|1683278914|PHP|493.21|2024-11-05 14:27:25|2024-11-28 11:06:00|44|40|24|44|3951.132262
wa5859315413-mro|5859315413|MRO|255.56|2024-06-29 15:03:25|2024-08-12 21:16:02|37|35|4|14|2854.74204
wa2603708503-kyd|2603708503|KYD|97.71|2024-08-10 21:23:28|2024-09-04 23:34:04|16|14|7|11|716.30072
wa2603708503-svc|2603708503|SVC|706.81|2023-09-21 02:49:00|2024-05-31 12:21:00|13|12|1|3|1258.656245
wa7159278528-kpw|7159278528|KPW|521.56|2024-12-15 22:24:34|2024-12-26 16:29:40|25|23|25|25|967.2351749999999
wa2829158669-ang|2829158669|ANG|973.92|2025-01-06 18:55:28|2025-01-10 10:12:58|36|33|36|36|4158.924300000001
wa2829158669-uyu|2829158669|UYU|888.34|2024-10-22 02:50:37|2024-12-06 05:04:26|22|22|8|22|528.34967
wa6485962280-yer|6485962280|YER|128.47|2023-06-24 20:28:31|2024-10-14 04:13:38|19|16|2|3|216.84074
wa6038537561-cve|6038537561|CVE|227.42|2023-12-27 06:49:52|2024-06-10 21:29:57|11|11|1|2|62.197065
wa2538696187-kgs|2538696187|KGS|791.17|2024-09-28 09:12:55|2024-11-27 19:40:05|30|27|9|28|338.26362
wa0776895907-uah|0776895907|UAH|761.56|2024-10-11 13:33:48|2024-12-31 14:21:49|26|25|13|25|695.359995
wa1142858497-tzs|1142858497|TZS|162.9|2022-04-27 17:23:12|2023-04-04 01:48:16|32|30|1|2|2819.989554
wa1142858497-ngn|1142858497|NGN|331.1|2024-08-19 15:42:39|2024-12-28 02:36:15|39|38|9|24|1871.055687
wa7183949186-all|7183949186|ALL|378.05|2023-12-07 13:14:17|2024-04-18 14:22:11|26|26|0|2|869.080634
wa7183949186-try|7183949186|TRY|788.39|2024-03-23 14:46:15|2024-10-22 14:43:32|25|25|2|7|2312.984982
wa6587360169-afn|6587360169|AFN|306.37|2024-08-12 20:55:19|2024-09-19 20:17:59|19|18|4|11|2117.4756620000003
wa1506336588-mad|1506336588|MAD|685.83|2023-04-08 11:22:25|2024-03-19 19:24:27|44|43|3|6|2605.860018
wa7667344569-mxn|7667344569|MXN|130.35|2024-05-12 20:04:22|2024-07-11 13:18:06|24|22|3|8|252.51205
wa7667344569-kwd|7667344569|KWD|15.7|2024-01-15 02:46:04|2024-04-25 11:41:03|13|12|1|3|1173.443726
wa7667344569-djf|7667344569|DJF|263.37|2024-09-13 03:36:24|2024-11-09 15:46:37|19|17|6|16|424.139284
wa4182576384-spl|4182576384|SPL|723.56|2024-11-06 14:41:28|2024-12-05 14:52:07|15|15|11|15|365.50033199999996
wa0107182300-bmd|0107182300|BMD|486.34|2024-06-08 20:05:12|2024-07-15 20:25:15|41|40|11|24|1884.016944
wa5930365422-inr|5930365422|INR|296.37|2024-12-07 18:13:03|2024-12-26 12:30:00|22|20|19|22|1669.7153970000002
wa5930365422-cdf|5930365422|CDF|524.58|2024-11-19 03:50:45|2024-12-13 04:37:19|18|18|9|18|1814.4681600000001
wa7543988908-byr|7543988908|BYR|369.51|2025-01-09 05:45:57|2025-01-09 08:00:25|47|43|47|47|5255.1345
wa6525422822-kwd|6525422822|KWD|624.41|2023-07-01 18:48:38|2024-09-13 04:56:15|41|40|1|4|3124.157764
wa4205009106-bnd|4205009106|BND|477.87|2024-12-06 11:21:24|2025-01-11 07:52:05|12|9|11|12|872.7762449999999
wa1108220418-awg|1108220418|AWG|106.39|2024-05-24 21:12:59|2024-06-10 08:55:27|43|40|6|13|620.4541499999999
wa1108220418-omr|1108220418|OMR|988.27|2024-11-22 18:01:39|2024-11-26 04:39:10|28|26|19|28|2254.692986
wa0337652812-gel|0337652812|GEL|120.66|2024-01-09 08:58:05|2024-03-20 04:19:24|29|25|2|9|2484.176163
wa3292907793-cuc|3292907793|CUC|503.37|2025-01-11 01:31:34|2025-01-11 06:10:30|37|35|37|37|2584.791564
wa3292907793-kyd|3292907793|KYD|305.4|2024-08-07 09:40:50|2024-10-21 21:04:10|17|13|3|10|866.8540399999999
wa1356644801-tjs|1356644801|TJS|656.42|2024-03-25 19:14:56|2024-12-24 01:10:58|16|12|4|6|1150.629616
wa1356644801-mwk|1356644801|MWK|109.42|2025-01-04 14:17:13|2025-01-08 06:02:32|17|17|17|17|1732.572807
wa8895633458-cdf|8895633458|CDF|511.91|2024-12-05 12:06:18|2024-12-17 07:59:33|20|17|19|20|1917.0681240000001
wa8895633458-lyd|8895633458|LYD|478.97|2023-04-19 22:45:39|2023-05-16 07:44:54|35|33|3|5|1058.991522
wa1581493354-amd|1581493354|AMD|171.87|2025-01-06 14:33:50|2025-01-07 08:41:48|45|39|45|45|3501.5616
wa9134300101-crc|9134300101|CRC|269.18|2023-01-15 05:50:55|2024-07-20 17:10:15|44|41|2|9|4389.686135999999
wa1195499885-dzd|1195499885|DZD|160.17|2022-08-04 06:09:30|2024-03-29 20:16:11|23|22|0|0|2462.4275709999997
wa0338416605-cop|0338416605|COP|961.63|2024-04-11 22:13:15|2024-07-13 14:43:55|42|41|4|14|2416.66567
wa0852653201-gnf|0852653201|GNF|925.42|2024-01-07 01:15:15|2024-09-14 01:04:08|37|35|2|11|2998.943454
wa0852653201-lyd|0852653201|LYD|467.41|2024-06-23 21:52:04|2024-09-12 09:19:46|18|16|2|10|784.2392100000001
wa2820190196-sbd|2820190196|SBD|415.54|2024-10-30 03:43:15|2024-11-07 17:22:11|17|16|7|17|1972.437111
wa2004615739-nzd|2004615739|NZD|716.64|2024-11-22 12:57:47|2024-12-04 02:41:40|31|29|15|31|458.22677600000003
wa2004615739-tnd|2004615739|TND|170.28|2023-02-20 07:31:41|2023-11-23 07:10:08|38|38|2|2|1346.84718
wa2004615739-aed|2004615739|AED|819.55|2023-10-30 14:30:45|2024-08-07 13:29:34|30|28|4|7|2366.3919
wa6459395248-afn|6459395248|AFN|757.84|2023-06-09 00:02:01|2023-12-25 10:05:45|16|15|0|2|1664.42009
wa8014966099-scr|8014966099|SCR|573.33|2024-02-01 03:31:34|2024-06-21 00:09:32|25|24|0|2|1113.773205
wa8014966099-mzn|8014966099|MZN|758.39|2024-06-01 10:00:09|2024-06-09 12:11:44|32|32|5|16|1672.87126
wa7984342598-ghs|7984342598|GHS|161.91|2024-12-19 02:42:15|2024-12-21 11:31:49|30|27|30|30|1152.877752
wa7984342598-jep|7984342598|JEP|456.42|2024-12-24 12:08:53|2025-01-08 21:53:45|13|13|13|13|1186.138865
wa9267097341-aoa|9267097341|AOA|457.25|2024-09-06 07:39:01|2024-09-07 17:30:32|17|17|5|14|1216.06457
wa9267097341-syp|9267097341|SYP|125.91|2024-10-31 04:29:14|2025-01-10 17:46:40|21|21|11|21|709.71715
wa9267097341-kzt|9267097341|KZT|37.2|2024-10-20 13:54:03|2025-01-01 10:02:43|13|13|5|13|557.4152349999999
wa9267097341-npr|9267097341|NPR|599.82|2024-06-19 20:08:50|2024-07-06 00:07:51|26|25|1|10|1469.686868
wa8719181246-yer|8719181246|YER|914.73|2024-05-01 22:17:35|2024-09-02 01:46:18|12|10|1|3|124.91568000000001
wa8719181246-aoa|8719181246|AOA|942.08|2024-04-16 00:16:15|2024-12-07 17:12:07|21|20|6|10|1259.39009
wa8719181246-byr|8719181246|BYR|744.36|2023-08-01 17:24:13|2025-01-02 17:03:56|46|42|4|10|4586.998500000001
wa4804405498-egp|4804405498|EGP|241.15|2025-01-08 09:47:57|2025-01-11 10:57:23|49|46|49|49|3998.5226399999997
wa4804405498-nio|4804405498|NIO|716.42|2024-12-10 15:14:35|2024-12-10 22:50:11|40|38|36|40|2625.752068
wa9906153693-kes|9906153693|KES|569.93|2025-01-03 08:24:52|2025-01-09 07:49:28|29|26|29|29|2424.300256
wa7640085174-bzd|7640085174|BZD|776.39|2024-05-15 10:57:44|2024-09-02 09:00:10|14|14|0|5|364.70928
wa7640085174-myr|7640085174|MYR|206.94|2022-08-17 21:22:15|2023-04-06 04:42:23|33|31|2|4|1490.6678160000001
wa4850312828-zwd|4850312828|ZWD|109.39|2024-12-26 02:12:15|2025-01-11 10:02:26|40|37|40|40|769.632552
wa4850312828-sll|4850312828|SLL|603.46|2024-11-30 22:42:21|2025-01-02 00:37:38|14|13|13|14|965.7693849999999
wa6377899267-svc|6377899267|SVC|54.46|2025-01-11 09:37:57|2025-01-11 11:07:09|30|28|30|30|2955.2059289999997
wa6377899267-tmt|6377899267|TMT|582.35|2025-01-08 17:12:44|2025-01-10 03:04:26|12|12|12|12|1220.1093799999999
wa0474257134-ggp|0474257134|GGP|156.77|2024-04-12 07:17:37|2024-12-11 17:17:43|22|22|3|7|2172.849849
wa2627345220-ghs|2627345220|GHS|366.07|2024-06-29 22:48:31|2024-07-30 18:26:04|50|48|5|21|1798.250544
wa3998452817-uah|3998452817|UAH|118.49|2024-01-26 07:08:18|2024-02-11 11:58:33|11|11|0|3|399.141315
wa3998452817-huf|3998452817|HUF|114.43|2024-11-18 19:08:09|2025-01-03 03:06:42|35|34|22|35|1238.31462
wa0858548687-mdl|0858548687|MDL|202.33|2023-07-21 09:48:26|2024-05-15 15:39:01|21|21|0|2|271.524896
wa4988419885-tzs|4988419885|TZS|470.77|2024-04-24 12:29:12|2024-09-02 17:58:16|45|42|4|11|2978.090372
wa4988419885-kgs|4988419885|KGS|629.05|2024-06-06 17:35:04|2024-10-21 05:27:43|45|44|10|20|536.3409
wa4988419885-lbp|4988419885|LBP|435.93|2024-04-21 01:37:59|2024-12-16 07:00:07|36|35|4|17|169.828794
wa5030076934-yer|5030076934|YER|975.11|2024-02-24 21:56:39|2024-12-21 23:52:47|37|35|4|9|394.4424
wa5030076934-shp|5030076934|SHP|73.58|2023-05-28 23:01:06|2024-02-19 21:45:09|14|14|0|2|314.232992
wa8008990786-xcd|8008990786|XCD|594.58|2024-04-07 23:08:06|2024-05-10 14:30:41|24|23|2|7|128.488472
wa8008990786-jep|8008990786|JEP|866.21|2024-12-25 17:53:51|2025-01-07 03:24:47|41|40|41|41|4013.18214
wa8008990786-uah|8008990786|UAH|753.53|2023-12-14 19:12:16|2024-08-09 08:18:24|17|17|2|4|580.875615
wa1658861295-rwf|1658861295|RWF|48.9|2024-10-18 08:51:07|2024-10-25 04:04:33|48|47|14|48|3432.440904
wa1658861295-npr|1658861295|NPR|411.07|2024-11-08 03:08:01|2024-11-21 01:18:31|12|11|5|12|520.773099
wa3213370534-ars|3213370534|ARS|655.19|2024-08-23 02:19:13|2024-10-08 17:54:11|27|26|6|16|795.160944
wa5322845002-kes|5322845002|KES|914.23|2024-07-10 05:22:23|2024-09-19 05:36:33|23|21|6|11|1910.788832
wa5322845002-cad|5322845002|CAD|521.23|2024-06-10 08:01:54|2024-12-24 11:45:49|11|11|4|8|477.04836600000004
wa6407562248-nio|6407562248|NIO|116.22|2023-04-24 17:57:05|2025-01-01 03:42:45|50|49|2|9|3570.411145
wa6407562248-aed|6407562248|AED|760.87|2023-07-05 18:43:00|2023-12-06 05:39:49|35|35|1|7|2940.91038
wa6407562248-bzd|6407562248|BZD|24.7|2022-07-17 14:11:18|2024-05-21 12:00:10|40|37|0|1|1211.10624
wa5720183275-mkd|5720183275|MKD|885.64|2023-06-04 22:18:41|2024-01-10 14:34:39|33|33|2|5|826.722666
wa5720183275-htg|5720183275|HTG|863.75|2023-02-11 04:50:24|2024-11-10 04:43:35|45|43|1|6|951.294662
wa1579184687-pkr|1579184687|PKR|136.66|2024-10-14 22:34:24|2024-11-11 10:33:48|43|42|8|43|2318.084424
wa3609515179-pgk|3609515179|PGK|719.76|2024-08-02 19:03:58|2024-11-19 05:31:42|42|40|6|21|593.4536800000001
wa3609515179-wst|3609515179|WST|26.95|2024-11-30 18:59:02|2025-01-09 05:10:59|14|14|10|14|216.597888
wa3608021504-krw|3608021504|KRW|237.85|2024-06-09 13:32:09|2024-10-10 02:58:30|42|38|3|10|3758.916611
wa9845391796-etb|9845391796|ETB|368.88|2024-09-16 05:41:15|2024-10-12 02:47:10|45|44|12|33|2018.122712
wa2987235211-rub|2987235211|RUB|679.31|2023-08-03 18:31:23|2023-10-20 09:33:23|45|41|3|6|2220.6806859999997
wa8619760924-sll|8619760924|SLL|45.6|2024-09-04 04:20:58|2024-10-02 16:19:43|32|30|9|20|1261.33631
wa8619760924-myr|8619760924|MYR|554.94|2024-08-21 11:26:35|2024-09-29 00:06:15|28|26|7|16|1387.511492
wa8619760924-jep|8619760924|JEP|668.16|2024-08-17 12:11:29|2024-12-21 19:15:35|48|43|6|22|4938.058438999999
wa7818730724-lyd|7818730724|LYD|272.74|2023-12-25 02:13:55|2024-07-30 00:18:09|31|30|1|3|1242.40806
wa7970987151-huf|7970987151|HUF|721.2|2024-12-19 14:31:15|2024-12-24 03:33:57|10|9|10|10|529.50762
wa6925231605-srd|6925231605|SRD|722.81|2023-06-07 17:27:15|2024-09-09 22:15:45|13|13|0|0|54.12106
wa7273104564-std|7273104564|STD|58.45|2023-07-05 03:10:46|2023-10-07 00:36:27|41|39|3|6|394.00514999999996
wa7273104564-amd|7273104564|AMD|391.08|2024-11-22 21:17:43|2024-12-16 06:49:10|26|26|15|26|2607.283272
wa0455882647-jmd|0455882647|JMD|351.84|2024-11-30 10:17:35|2024-12-19 21:05:17|30|28|21|30|156.577176
wa7096277477-amd|7096277477|AMD|330.06|2025-01-11 03:09:55|2025-01-11 08:33:23|29|24|29|29|2441.471712
wa7096277477-vuv|7096277477|VUV|229.9|2025-01-10 15:02:43|2025-01-11 01:52:55|43|40|43|43|3269.864106
wa3538264633-yer|3538264633|YER|375.72|2024-05-10 01:07:15|2024-07-29 14:53:51|25|25|3|9|243.129095
wa3538264633-gmd|3538264633|GMD|461.27|2024-03-12 08:18:55|2024-03-18 19:21:36|48|43|5|13|4814.41428
wa3538264633-shp|3538264633|SHP|859.02|2024-12-25 16:22:44|2025-01-06 11:25:49|34|31|34|34|546.28404
wa6955378245-myr|6955378245|MYR|908.12|2025-01-08 18:45:58|2025-01-09 13:33:13|28|26|28|28|1277.912968
wa3916898116-tnd|3916898116|TND|208.43|2024-08-31 06:18:40|2024-11-03 23:11:17|15|13|4|10|444.46054799999996
wa3916898116-uzs|3916898116|UZS|700.47|2024-12-17 01:08:34|2025-01-09 18:22:57|25|25|25|25|1042.269951
wa9597545170-twd|9597545170|TWD|694.8|2023-06-01 05:35:26|2024-05-07 20:29:20|28|24|1|5|814.049314
wa9597545170-vef|9597545170|VEF|856.58|2024-03-31 19:24:50|2024-08-20 07:14:42|15|14|1|3|795.233514
wa8379839827-bnd|8379839827|BND|336.71|2022-06-30 18:48:30|2023-03-17 12:49:57|20|19|1|2|1664.4993089999998
wa1108627388-iqd|1108627388|IQD|689.77|2024-07-31 07:35:05|2024-09-12 02:13:02|15|13|3|7|937.2897839999999
wa1108627388-fjd|1108627388|FJD|50.54|2024-12-07 05:37:17|2024-12-09 03:52:48|25|25|18|25|2277.031368
wa8156744356-jep|8156744356|JEP|63.12|2023-04-04 18:40:49|2024-12-05 23:18:45|25|22|0|5|2615.28791
wa8156744356-bnd|8156744356|BND|630.13|2024-12-26 21:26:22|2025-01-07 17:03:07|22|19|22|22|1696.6161299999999
wa8156744356-fkp|8156744356|FKP|240.34|2023-09-05 13:10:37|2023-12-05 04:07:46|12|11|0|2|1157.3588320000001
wa5754982727-isk|5754982727|ISK|131.74|2022-07-23 00:32:05|2023-10-10 09:21:39|22|20|2|2|1250.4877000000001
wa7758469248-iqd|7758469248|IQD|824.7|2024-09-30 18:09:47|2024-12-17 19:20:46|22|21|2|15|1100.778075
wa7758469248-bbd|7758469248|BBD|638.86|2023-11-13 05:22:29|2024-01-05 00:58:19|20|18|1|3|1438.837568
wa6586599544-kyd|6586599544|KYD|931.28|2023-09-13 02:03:18|2023-09-20 13:51:29|35|33|1|4|2424.88436
wa6210114411-tnd|6210114411|TND|180.83|2024-01-25 14:32:04|2024-11-18 20:15:10|35|32|2|5|1094.528218
wa8270053941-lyd|8270053941|LYD|131.26|2024-02-19 15:16:11|2024-06-24 05:58:30|49|48|4|16|1887.1380900000001
wa0931057010-cve|0931057010|CVE|959.27|2023-09-02 21:10:45|2024-08-15 16:29:58|28|26|2|10|129.379194
wa8586726192-xaf|8586726192|XAF|261.99|2023-11-24 12:35:26|2024-01-14 16:50:33|13|12|2|4|107.38007999999999
wa8586726192-try|8586726192|TRY|960.3|2023-09-08 12:54:50|2024-03-31 18:29:28|43|40|4|11|3362.155412
wa2253884772-gyd|2253884772|GYD|850.15|2022-12-03 11:53:07|2024-07-17 09:45:44|23|23|1|2|552.543512
wa6195484560-pkr|6195484560|PKR|573.71|2024-10-07 10:33:53|2024-10-08 04:02:12|15|13|5|13|775.911888
wa7275279644-vuv|7275279644|VUV|733.11|2024-03-10 23:03:20|2024-03-20 16:52:30|17|16|4|7|1215.571746
wa7275279644-cny|7275279644|CNY|406.01|2024-08-30 13:00:24|2024-12-13 15:49:33|27|25|6|15|2055.422404
wa3186734786-yer|3186734786|YER|705.5|2023-03-23 18:52:28|2023-04-09 19:35:22|38|34|0|7|422.50249
wa8523525945-bam|8523525945|BAM|224.44|2024-03-30 06:16:37|2024-06-07 19:28:45|34|29|2|8|324.058642
wa8523525945-zwd|8523525945|ZWD|62.98|2024-05-08 06:29:51|2024-11-19 11:30:30|12|11|2|7|234.713016
wa5871982886-ars|5871982886|ARS|340.8|2024-03-30 23:36:05|2024-05-20 07:53:31|35|34|5|14|1195.954382
wa8032281455-std|8032281455|STD|225.14|2024-11-23 16:05:10|2024-12-19 18:53:30|14|14|12|14|170.2092
wa8518107642-amd|8518107642|AMD|609.78|2023-08-08 05:18:32|2024-10-02 14:13:32|36|34|2|8|3358.4037240000002
wa8518107642-iqd|8518107642|IQD|830.22|2022-12-30 02:29:13|2024-02-08 17:40:09|20|20|0|1|1073.3231079999998
wa2328429200-khr|2328429200|KHR|292.26|2022-08-01 20:28:57|2024-01-02 15:08:11|44|40|0|1|2555.7852319999997
wa2328429200-bnd|2328429200|BND|921.19|2024-08-13 14:56:30|2024-08-23 22:40:29|28|24|6|17|2281.900599
wa7785047272-fjd|7785047272|FJD|987.6|2024-01-29 13:01:49|2024-08-02 03:10:42|32|27|2|10|2347.023009
wa7785047272-pen|7785047272|PEN|601.92|2023-05-23 06:31:10|2024-03-20 02:38:14|42|39|2|5|4182.044537
wa5129723902-spl|5129723902|SPL|240.24|2024-11-29 01:50:15|2025-01-01 11:41:58|35|33|25|35|931.1661359999999
wa3831373752-bwp|3831373752|BWP|797.22|2024-10-30 11:58:28|2024-12-27 02:59:10|49|46|26|49|1828.720685
wa3831373752-pab|3831373752|PAB|138.57|2024-11-14 16:15:19|2024-12-16 23:05:43|47|47|26|47|1436.58551
wa2136232750-syp|2136232750|SYP|599.57|2024-08-21 20:01:48|2024-10-07 11:18:06|42|40|5|20|1603.2412829999998
wa2136232750-shp|2136232750|SHP|557.76|2024-07-27 19:18:16|2024-10-07 20:29:04|22|22|5|13|421.38323
wa5129819701-kmf|5129819701|KMF|973.97|2025-01-10 00:05:45|2025-01-11 09:10:13|40|37|40|40|1148.53855
wa5129819701-fkp|5129819701|FKP|346.55|2024-12-17 06:48:03|2025-01-06 22:52:05|37|31|37|37|3690.7651840000003
wa3345975103-huf|3345975103|HUF|100.19|2024-09-15 16:45:23|2025-01-09 09:13:44|37|34|12|27|1867.0369400000002
wa3345975103-ghs|3345975103|GHS|406.93|2023-01-17 08:04:40|2024-12-02 18:33:31|49|49|5|9|1886.099928
wa1914366144-kpw|1914366144|KPW|415.86|2024-03-02 21:21:01|2024-03-07 22:26:56|44|40|6|16|1414.1698489999999
wa1914366144-mga|1914366144|MGA|216.47|2023-12-03 13:50:09|2024-04-06 14:21:40|16|16|2|5|176.7546
wa5716846526-afn|5716846526|AFN|612.49|2025-01-01 13:14:50|2025-01-10 12:56:33|46|44|46|46|6081.122448
wa5716846526-lsl|5716846526|LSL|576.05|2024-12-15 00:11:54|2024-12-17 04:24:32|18|17|18|18|1410.8545439999998
wa5716846526-egp|5716846526|EGP|584.13|2023-05-18 06:55:41|2024-12-29 20:01:44|37|34|2|5|3138.5339999999997
wa6482250035-dkk|6482250035|DKK|212.12|2024-11-16 00:14:22|2024-12-05 05:16:32|49|46|33|49|802.1712600000001
wa0368359074-uzs|0368359074|UZS|568.95|2023-01-31 00:29:17|2023-12-15 15:16:41|23|23|1|4|806.245463
wa2516872578-gel|2516872578|GEL|208.29|2024-07-06 06:00:50|2024-09-07 10:50:15|34|33|5|16|3359.8363830000003
wa2516872578-bmd|2516872578|BMD|489.8|2023-02-19 16:06:56|2024-10-04 13:50:26|29|28|2|3|1755.454779
wa2516872578-mad|2516872578|MAD|329.79|2023-09-24 15:05:53|2024-01-15 02:15:40|50|44|5|9|2915.580996
wa5387172849-crc|5387172849|CRC|64.7|2024-06-19 01:54:05|2024-11-18 12:07:14|33|31|2|7|3416.3613
wa5387172849-hkd|5387172849|HKD|758.67|2024-09-19 17:00:18|2024-09-19 22:44:46|23|20|3|19|1808.565178
wa9956323230-sek|9956323230|SEK|957.95|2023-04-13 08:35:37|2023-06-27 00:46:48|14|13|0|1|1152.4630809999999
wa0421690405-isk|0421690405|ISK|622.64|2024-05-01 17:31:43|2024-09-14 03:08:14|47|45|6|16|4026.4079930000003
wa9330525535-aed|9330525535|AED|765.0|2024-11-23 03:10:26|2024-12-23 23:39:54|10|7|5|10|585.5892299999999
wa9330525535-chf|9330525535|CHF|595.22|2024-11-15 19:30:36|2024-12-10 20:10:17|18|18|4|18|1481.7104000000002
wa1994255839-cup|1994255839|CUP|34.68|2023-06-15 17:51:15|2024-09-13 18:32:01|27|27|0|3|2780.120708
wa1994255839-sdg|1994255839|SDG|958.69|2023-12-02 12:18:12|2024-07-12 12:25:16|40|39|6|11|3258.430746
wa1994255839-bhd|1994255839|BHD|922.47|2024-06-14 15:07:31|2024-08-07 03:37:14|25|23|5|7|2605.6966319999997
wa1994255839-lak|1994255839|LAK|306.13|2024-09-11 19:19:28|2024-09-11 22:18:08|23|21|5|17|382.82163399999996
wa5836178738-php|5836178738|PHP|820.76|2025-01-04 13:32:14|2025-01-07 17:58:41|17|17|17|17|1460.5842710000002
wa5836178738-tzs|5836178738|TZS|532.08|2024-08-29 06:59:55|2024-10-26 07:26:09|18|18|3|14|1224.597032
wa5836178738-jmd|5836178738|JMD|720.04|2024-04-13 05:21:41|2025-01-04 04:03:19|37|34|4|11|187.751893
wa0253335410-sar|0253335410|SAR|591.08|2024-07-29 16:26:25|2024-08-28 23:10:19|47|43|9|28|3158.38676
wa6896797361-bif|6896797361|BIF|594.05|2024-01-10 20:34:45|2024-03-01 14:50:06|30|28|3|10|736.082496
wa1850870776-bhd|1850870776|BHD|390.01|2023-07-09 17:10:34|2024-03-21 22:54:25|42|38|4|9|4690.39963
wa7881047426-egp|7881047426|EGP|645.16|2023-01-25 11:27:42|2024-09-28 11:48:54|31|29|1|6|2723.4489799999997
wa3928514409-szl|3928514409|SZL|563.75|2022-11-04 11:54:13|2024-06-06 23:34:54|44|44|1|4|3114.5127749999997
wa3928514409-vnd|3928514409|VND|987.99|2022-06-14 18:03:49|2024-06-11 15:43:25|49|47|1|4|2859.629091
wa3928514409-std|3928514409|STD|531.51|2023-04-09 20:21:59|2024-01-04 13:13:37|44|40|1|6|365.8347
wa8805209729-bob|8805209729|BOB|594.39|2023-04-15 10:09:59|2025-01-07 09:36:13|40|38|0|6|2567.1700339999998
wa8805209729-fjd|8805209729|FJD|34.66|2023-12-26 01:57:48|2024-10-05 09:22:27|18|18|4|8|1864.689513
wa0058785845-btn|0058785845|BTN|62.29|2024-07-04 21:28:41|2024-08-23 04:50:43|40|37|4|18|1370.3382
wa0058785845-nis|0058785845|NIS|537.64|2024-05-11 16:33:25|2024-05-28 17:20:48|36|34|4|13|821.022492
wa5825490946-afn|5825490946|AFN|929.08|2024-04-09 21:30:04|2024-08-19 11:03:53|16|16|0|2|1743.271584
wa5825490946-mkd|5825490946|MKD|65.24|2024-11-21 22:33:24|2025-01-01 23:05:34|24|22|12|24|482.843592
wa8653215898-mad|8653215898|MAD|889.66|2024-12-22 03:42:14|2025-01-09 14:28:35|28|26|28|28|1828.398978
wa8653215898-bif|8653215898|BIF|500.73|2025-01-01 06:37:50|2025-01-03 05:39:35|22|20|22|22|576.486144
wa8653215898-eur|8653215898|EUR|177.71|2024-12-26 08:14:22|2025-01-09 13:48:57|43|40|43|43|3744.83175
wa2073687531-inr|2073687531|INR|724.23|2023-09-04 01:01:46|2024-12-06 15:33:33|34|32|5|9|2433.076974
wa2073687531-pkr|2073687531|PKR|82.26|2024-05-27 02:18:54|2024-06-11 10:22:55|50|48|13|22|2752.0854480000003
wa9590253340-bmd|9590253340|BMD|776.26|2024-10-25 19:14:39|2025-01-07 10:13:08|42|38|13|42|2116.513413
wa9590253340-szl|9590253340|SZL|435.14|2025-01-01 22:29:03|2025-01-03 07:54:18|30|30|30|30|1987.880928
wa2799920590-bdt|2799920590|BDT|743.17|2023-07-01 13:19:32|2023-12-19 22:08:19|38|36|3|6|1272.33699
wa6839761690-byr|6839761690|BYR|338.74|2023-06-19 11:35:15|2023-10-20 22:32:30|49|45|0|8|5306.2065
wa6839761690-npr|6839761690|NPR|642.38|2023-09-05 04:58:19|2024-10-11 17:23:09|27|24|3|5|1149.512761
wa6795245001-syp|6795245001|SYP|281.7|2024-08-07 08:28:16|2024-12-07 08:08:50|22|21|5|11|779.544592
wa0353824793-cup|0353824793|CUP|859.33|2024-11-11 18:24:40|2024-12-28 18:30:48|32|31|18|32|2327.0838089999997
wa4580662488-ggp|4580662488|GGP|780.09|2024-10-16 21:45:58|2024-11-13 13:55:30|29|27|11|29|3237.184863
wa5224304375-htg|5224304375|HTG|64.93|2023-05-22 00:38:14|2024-02-29 08:36:53|14|13|1|2|286.982774
wa6564422971-gbp|6564422971|GBP|806.2|2024-04-07 16:37:14|2024-09-02 06:43:26|16|16|2|8|1947.6389169999998
wa6564422971-kzt|6564422971|KZT|362.99|2024-07-11 22:04:44|2024-11-20 03:36:53|29|27|7|15|1481.008685
wa5812590242-cdf|5812590242|CDF|290.2|2024-02-16 00:45:27|2024-05-12 17:56:38|39|37|4|14|3375.3008760000002
wa5812590242-xaf|5812590242|XAF|880.76|2022-12-09 21:29:18|2023-06-23 12:07:19|11|11|1|1|74.79638399999999
wa4434322395-ron|4434322395|RON|929.61|2023-08-31 12:07:17|2024-07-03 23:30:00|38|36|2|7|844.564132
wa0563643613-cad|0563643613|CAD|208.82|2024-10-25 23:55:17|2024-12-17 12:13:15|48|46|18|48|2228.220198
wa4973691394-mur|4973691394|MUR|106.86|2024-02-25 11:08:30|2024-09-22 08:00:14|23|22|3|7|1140.6810289999999
wa1776379714-pen|1776379714|PEN|378.89|2024-06-30 09:42:15|2024-08-14 21:01:39|28|25|4|12|3396.529307
wa5772987714-sdg|5772987714|SDG|301.83|2023-02-21 22:20:11|2023-05-25 02:21:28|29|29|2|4|2074.980949
wa0609018745-std|0609018745|STD|434.6|2023-06-17 04:42:38|2023-09-03 11:31:53|40|39|2|5|440.72175
wa0609018745-xcd|0609018745|XCD|693.42|2022-12-10 21:01:34|2023-03-01 02:38:56|12|12|1|1|90.71538
wa5069478151-fkp|5069478151|FKP|390.39|2025-01-11 11:04:23|2025-01-11 11:25:55|12|10|12|12|1113.4118720000001
wa9888634701-ttd|9888634701|TTD|64.69|2024-09-14 23:11:08|2025-01-10 01:27:48|44|42|13|37|3993.2241499999996
wa9888634701-etb|9888634701|ETB|801.85|2024-11-20 22:54:08|2024-12-11 18:58:04|43|41|22|43|1790.50268
wa9888634701-jep|9888634701|JEP|685.57|2024-08-07 14:06:01|2024-09-03 03:09:47|18|18|2|6|1877.663627
wa2777050384-sdg|2777050384|SDG|603.89|2024-11-01 04:51:58|2024-12-02 01:37:52|22|21|12|22|1618.741863
wa4623476287-vnd|4623476287|VND|359.31|2023-12-18 05:40:41|2024-02-08 14:05:05|41|38|2|10|2309.98592
wa4656433548-sdg|4656433548|SDG|617.52|2024-12-28 15:08:28|2025-01-08 01:33:21|24|20|24|24|1984.868168
wa4656433548-tzs|4656433548|TZS|478.85|2024-01-15 12:31:42|2024-09-11 05:24:47|30|26|1|7|2135.348826
wa2505261043-nzd|2505261043|NZD|52.44|2023-07-21 21:34:37|2024-11-07 02:41:09|33|33|1|4|537.222448
wa6732385120-kmf|6732385120|KMF|953.84|2024-10-07 12:29:14|2024-12-20 04:43:28|23|20|8|21|559.4827799999999
wa1012944527-myr|1012944527|MYR|916.01|2023-02-19 18:34:57|2023-03-16 18:57:18|27|26|1|3|1535.10468
wa8399060496-gnf|8399060496|GNF|974.52|2024-12-06 06:54:19|2024-12-26 14:08:39|46|45|36|46|4488.86022
wa2371686530-sgd|2371686530|SGD|993.2|2024-11-05 06:18:17|2024-11-29 05:24:08|36|34|18|36|3574.613182
wa2371686530-ngn|2371686530|NGN|144.44|2024-03-10 11:11:58|2024-05-16 23:07:00|24|22|2|5|1415.96296
wa2371686530-uyu|2371686530|UYU|920.77|2024-01-17 04:56:55|2024-07-07 03:22:16|41|37|2|11|946.389615
wa7205276693-mdl|7205276693|MDL|582.85|2024-12-18 12:43:08|2024-12-21 15:35:14|32|29|32|32|468.55065900000005
wa7205276693-vef|7205276693|VEF|43.84|2024-11-12 08:27:45|2024-11-27 11:44:29|37|37|23|37|1848.497599
wa3384122349-mxn|3384122349|MXN|188.17|2024-01-10 12:14:44|2024-11-01 18:11:00|39|36|6|9|373.708658
wa8824777648-vuv|8824777648|VUV|392.1|2023-07-15 05:20:43|2024-03-05 21:51:53|27|25|1|1|1931.290068
wa8824777648-mmk|8824777648|MMK|632.98|2023-05-28 04:07:37|2024-11-02 07:47:10|22|21|1|2|1067.2645619999998
wa2617578168-ils|2617578168|ILS|392.96|2023-10-01 10:55:44|2024-03-24 22:28:52|12|12|0|1|46.638072
wa3957134016-cve|3957134016|CVE|312.47|2022-07-07 21:27:21|2023-06-24 21:10:35|43|39|0|2|216.02700000000002
wa5325712715-qar|5325712715|QAR|780.63|2024-06-28 17:12:56|2024-10-03 19:55:30|15|14|3|7|709.356269
wa0088850591-uzs|0088850591|UZS|190.65|2023-12-27 09:36:41|2024-12-09 12:52:22|44|43|3|8|1912.608124
wa7941292084-czk|7941292084|CZK|550.05|2024-07-04 11:50:54|2024-11-10 19:20:25|30|28|6|17|2226.567816
wa7941292084-sek|7941292084|SEK|351.14|2024-08-17 19:21:37|2024-11-11 20:16:13|42|41|13|28|3635.491706
wa4814936994-ugx|4814936994|UGX|498.51|2024-11-26 08:24:28|2024-12-16 12:54:01|23|23|12|23|1004.461665
wa6763186017-bnd|6763186017|BND|781.12|2024-06-18 00:22:36|2024-08-10 00:18:50|41|38|5|18|3810.853662
wa3979527891-cve|3979527891|CVE|557.36|2025-01-05 00:34:30|2025-01-08 18:52:16|33|30|33|33|151.172973
wa3979527891-mdl|3979527891|MDL|995.11|2023-07-24 00:22:02|2024-12-07 09:08:31|17|17|1|1|224.842295
wa7430232376-lrd|7430232376|LRD|273.97|2024-06-10 09:16:10|2024-07-14 14:36:19|21|19|5|9|103.767144
wa7867022968-bif|7867022968|BIF|25.66|2024-07-17 09:01:07|2024-11-11 11:48:07|37|33|6|18|915.539472
wa2942803540-bam|2942803540|BAM|503.65|2024-04-11 14:48:45|2024-06-24 18:25:08|39|38|2|9|412.466193
wa9168369336-byr|9168369336|BYR|460.35|2024-04-12 09:26:23|2024-09-14 15:14:37|11|11|1|2|1144.9830000000002
wa9168369336-qar|9168369336|QAR|471.3|2023-08-13 01:15:48|2024-01-13 20:55:40|12|12|0|1|524.961616
wa5408084539-sll|5408084539|SLL|101.26|2024-03-16 20:07:51|2024-11-28 19:12:04|19|18|3|6|926.0006
wa5408084539-hkd|5408084539|HKD|284.25|2023-04-21 12:08:00|2024-01-16 13:32:50|26|23|2|5|2290.042808
wa2670399332-chf|2670399332|CHF|419.22|2024-11-12 02:08:28|2024-11-29 19:02:52|11|11|4|11|1250.39616
wa2670399332-jod|2670399332|JOD|240.84|2024-12-05 05:16:24|2024-12-08 03:07:28|37|36|28|37|2348.4770439999998
wa4687190028-jpy|4687190028|JPY|971.94|2022-07-25 09:54:57|2023-10-03 08:21:34|14|14|0|1|261.37944
wa4687190028-svc|4687190028|SVC|225.22|2022-02-01 12:20:30|2023-11-26 06:38:58|39|38|0|4|3123.266053
wa4687190028-ars|4687190028|ARS|672.82|2024-10-04 21:07:36|2025-01-01 18:10:19|36|34|7|32|1043.475788
wa5984370470-mkd|5984370470|MKD|95.98|2023-09-27 12:15:49|2024-04-03 20:18:09|50|50|1|13|1038.967776
wa5984370470-zwd|5984370470|ZWD|348.61|2023-12-07 04:02:03|2024-07-14 05:10:00|30|30|5|7|704.96946
wa5984370470-twd|5984370470|TWD|600.6|2023-02-17 14:00:10|2023-07-26 12:31:20|24|23|1|4|811.985848
wa1885409752-dzd|1885409752|DZD|20.48|2023-06-03 08:24:03|2024-11-29 23:44:13|46|40|0|8|4491.854057
wa6348411826-etb|6348411826|ETB|535.81|2023-09-22 18:24:58|2024-02-22 13:38:16|47|42|4|16|1751.878428
wa2166405721-lak|2166405721|LAK|842.94|2023-07-19 00:52:24|2024-04-29 22:16:54|12|11|3|5|247.45445399999997
wa6562618196-sos|6562618196|SOS|872.55|2024-09-14 04:08:55|2024-10-26 18:22:53|38|37|8|27|3883.934866
wa6562618196-mvr|6562618196|MVR|837.51|2024-09-28 11:42:09|2024-11-30 20:27:29|18|17|7|12|1544.490675
wa3274560092-sgd|3274560092|SGD|265.53|2025-01-09 22:49:07|2025-01-10 23:53:51|21|21|21|21|2312.274986
wa8354903415-tnd|8354903415|TND|432.95|2024-03-05 19:16:45|2024-11-25 19:48:01|31|29|3|12|852.3997439999999
wa5568536432-ang|5568536432|ANG|504.3|2023-06-08 15:31:15|2023-07-25 13:56:23|28|28|2|5|3224.1472620000004
wa5568536432-thb|5568536432|THB|129.37|2024-06-23 18:12:23|2024-11-13 01:51:05|10|10|0|1|768.049248
wa8078139585-bzd|8078139585|BZD|790.22|2023-07-13 22:43:05|2023-10-08 23:35:20|17|16|2|2|562.778145
wa8078139585-crc|8078139585|CRC|460.12|2024-10-21 02:25:42|2024-12-06 04:51:30|36|33|12|36|3646.5707519999996
wa4796014881-cup|4796014881|CUP|86.66|2024-09-29 07:57:39|2024-12-26 03:18:10|12|10|3|10|837.7764569999999
wa4796014881-htg|4796014881|HTG|497.93|2023-12-07 14:02:44|2024-11-21 19:47:44|44|44|6|15|936.936647
wa4667615740-usd|4667615740|USD|765.49|2024-05-16 02:58:51|2024-09-16 19:27:58|13|13|0|3|325.157209
wa2123068690-huf|2123068690|HUF|906.18|2024-05-12 09:12:47|2024-05-25 04:28:41|38|34|7|14|1476.49388
wa7406393367-rwf|7406393367|RWF|48.16|2024-01-28 18:44:31|2024-07-02 23:18:26|50|45|3|11|3432.281418
wa4687091939-fkp|4687091939|FKP|187.23|2024-12-11 07:28:09|2025-01-03 00:19:40|27|26|27|27|3290.2581280000004
wa3961627567-nio|3961627567|NIO|562.5|2024-12-31 08:36:09|2025-01-05 06:15:13|21|20|21|21|1542.893157
wa3961627567-thb|3961627567|THB|603.71|2024-05-20 03:57:35|2024-11-25 00:17:49|25|24|4|11|2802.530628
wa3961627567-gmd|3961627567|GMD|379.02|2024-11-22 12:58:43|2025-01-06 20:02:56|41|40|23|41|4234.61142
wa8101220907-ils|8101220907|ILS|169.86|2024-10-18 08:24:24|2024-11-15 19:57:56|23|23|9|23|70.953648
wa8101220907-bob|8101220907|BOB|981.56|2024-07-21 05:51:52|2024-07-23 21:39:40|25|24|4|16|1715.180291
wa9502933807-sar|9502933807|SAR|786.86|2024-04-28 00:41:01|2024-05-14 07:51:16|33|31|5|13|2076.29173
wa9502933807-lsl|9502933807|LSL|450.67|2024-12-29 13:26:33|2024-12-30 17:55:24|44|41|44|44|4452.841824
wa7266838284-imp|7266838284|IMP|457.01|2023-06-24 02:55:46|2024-10-19 01:26:13|50|43|3|10|1866.173232
wa7266838284-irr|7266838284|IRR|228.59|2023-09-24 17:14:15|2024-12-05 04:06:22|44|42|2|12|289.89443800000004
wa8301031202-cad|8301031202|CAD|293.43|2024-12-25 05:38:09|2024-12-29 15:02:41|46|42|46|46|1843.370136
wa8301031202-cup|8301031202|CUP|187.72|2024-09-06 12:43:12|2024-11-18 04:35:36|43|42|12|36|4150.338964
wa0785928474-uyu|0785928474|UYU|361.89|2023-12-07 06:28:31|2024-07-16 11:09:43|46|43|6|13|825.66242
wa0785928474-top|0785928474|TOP|246.69|2024-04-29 22:56:20|2024-07-05 18:00:01|19|17|3|10|901.555551
wa4361853523-mro|4361853523|MRO|309.29|2024-11-02 04:04:06|2024-12-12 05:25:41|27|25|15|27|2581.4858099999997
wa4361853523-gyd|4361853523|GYD|801.86|2024-08-11 10:01:04|2024-11-21 19:45:42|35|32|9|27|694.480664
wa9586566541-nok|9586566541|NOK|765.88|2023-02-21 16:31:21|2023-09-15 10:00:10|27|25|1|3|806.051048
wa2284398889-pkr|2284398889|PKR|947.05|2025-01-07 14:51:38|2025-01-09 10:33:36|47|44|47|47|2920.1724
wa2284398889-vnd|2284398889|VND|131.31|2024-12-05 21:23:32|2025-01-04 03:16:27|23|23|17|23|1451.461377
wa8456318103-tvd|8456318103|TVD|565.64|2024-10-29 09:35:03|2024-12-25 17:31:08|31|30|16|31|2352.526806
wa5828203276-gel|5828203276|GEL|21.08|2024-04-17 08:11:39|2024-04-28 19:45:17|28|28|1|7|2692.906476
wa5828203276-aed|5828203276|AED|643.6|2024-07-07 19:39:21|2024-08-05 05:06:25|17|17|3|11|1261.34781
wa4675525092-twd|4675525092|TWD|773.37|2024-12-05 09:24:28|2025-01-05 05:25:01|49|44|41|49|1360.3613480000001
wa3295785795-std|3295785795|STD|790.04|2024-12-25 08:16:02|2024-12-30 04:29:08|41|39|41|41|353.9403
wa4220129046-ggp|4220129046|GGP|168.92|2024-11-28 15:27:29|2024-12-09 13:02:59|49|48|34|49|5218.769871
wa4220129046-mnt|4220129046|MNT|675.46|2022-09-07 12:15:05|2022-10-28 12:25:21|25|22|0|1|407.214892
wa9789937927-mmk|9789937927|MMK|611.22|2023-11-21 02:10:57|2024-10-22 10:44:28|29|27|2|7|1828.297952
wa9789937927-gip|9789937927|GIP|308.19|2022-12-27 02:17:26|2023-06-15 22:29:54|16|16|2|2|1293.064744
wa7670475923-scr|7670475923|SCR|84.52|2023-07-23 18:53:12|2023-08-29 05:52:46|17|17|1|3|992.2358399999999
wa9589309229-gtq|9589309229|GTQ|439.83|2023-09-15 09:29:09|2024-03-23 12:46:30|48|47|1|6|2260.4218020000003
wa9589309229-uyu|9589309229|UYU|685.47|2024-10-07 18:42:01|2024-12-27 23:58:58|29|26|8|27|497.42431500000004
wa6658793511-mro|6658793511|MRO|537.76|2024-08-27 22:00:37|2024-12-07 12:38:32|14|12|5|12|946.2636779999999
wa4982216062-bgn|4982216062|BGN|681.73|2024-10-25 01:51:44|2024-11-24 16:11:28|43|41|16|43|1134.546959
wa3059740842-jpy|3059740842|JPY|775.63|2024-12-01 13:26:17|2025-01-03 15:11:19|41|39|25|41|803.0913180000001
wa3059740842-byr|3059740842|BYR|255.54|2024-10-17 11:01:27|2024-10-31 12:03:57|22|19|8|22|2143.3650000000002
wa3059740842-vef|3059740842|VEF|520.19|2024-05-23 00:33:30|2024-06-25 01:50:17|18|16|3|6|936.542722
wa7585079631-lsl|7585079631|LSL|763.72|2024-05-13 11:49:04|2024-06-02 15:33:11|16|13|0|1|1332.146004
wa7585079631-xof|7585079631|XOF|920.87|2024-09-21 17:23:23|2024-12-11 16:14:15|46|44|13|37|3250.47402
wa5763420289-djf|5763420289|DJF|466.51|2023-12-12 04:38:11|2024-12-19 18:59:55|14|12|0|1|477.630364
wa7034380720-bnd|7034380720|BND|628.79|2023-03-23 22:36:39|2023-12-31 10:10:20|38|36|3|6|3730.0059389999997
wa7034380720-btn|7034380720|BTN|799.39|2023-11-27 06:06:36|2024-06-03 20:20:05|39|39|5|13|1448.02735
wa7867330596-czk|7867330596|CZK|874.27|2022-07-26 02:25:46|2023-08-11 02:49:57|42|40|2|5|3957.543
wa5699766246-bnd|5699766246|BND|479.36|2025-01-03 13:32:14|2025-01-04 19:32:51|37|34|37|37|3638.66118
wa9007839003-sar|9007839003|SAR|716.08|2024-01-25 17:08:09|2025-01-01 19:01:56|38|37|4|4|2291.88705
wa2311981151-pln|2311981151|PLN|936.65|2024-05-07 03:19:10|2024-07-01 08:15:55|35|33|6|14|1379.39763
wa4151031070-top|4151031070|TOP|15.84|2022-03-11 14:59:38|2022-10-18 16:43:07|44|41|2|2|2178.2693790000003
wa5196215693-shp|5196215693|SHP|620.99|2024-06-08 08:51:21|2024-12-04 21:59:21|37|35|5|17|663.08494
wa5196215693-scr|5196215693|SCR|312.62|2024-02-09 08:27:15|2024-04-28 10:24:48|29|29|0|5|1645.306455
wa7751749693-sll|7751749693|SLL|947.13|2024-09-05 22:35:56|2024-10-31 16:30:02|13|13|3|9|673.9346
wa9214983503-krw|9214983503|KRW|727.28|2024-07-23 04:16:19|2024-10-03 19:41:05|38|35|6|21|2812.929513
wa9214983503-tzs|9214983503|TZS|420.69|2023-09-12 05:35:44|2024-09-08 07:09:28|11|11|2|2|947.422742
wa9214983503-clp|9214983503|CLP|196.2|2022-04-04 10:47:52|2022-12-19 05:39:47|20|19|0|1|1283.774456
wa3649135095-kzt|3649135095|KZT|446.83|2024-02-21 08:14:18|2024-10-29 16:51:51|49|48|3|12|2480.538229
wa3649135095-svc|3649135095|SVC|55.34|2024-08-16 08:52:32|2024-09-18 21:55:20|18|18|3|11|2002.7908519999999
wa9158605491-brl|9158605491|BRL|600.07|2024-01-13 08:47:33|2024-08-15 15:55:08|23|23|1|5|216.11339999999998
wa9158605491-bif|9158605491|BIF|398.6|2024-10-05 20:18:25|2024-10-16 03:21:32|27|22|6|25|498.29947200000004
wa4666431990-sbd|4666431990|SBD|91.77|2024-04-21 11:00:45|2025-01-09 16:14:54|29|27|0|8|2826.332522
wa4666431990-bzd|4666431990|BZD|911.55|2023-12-31 16:46:22|2024-05-05 01:04:51|50|48|7|14|1516.92753
wa4666431990-huf|4666431990|HUF|419.92|2024-04-22 21:15:07|2024-12-07 08:14:07|48|44|4|15|1891.21224
wa5182491977-vnd|5182491977|VND|693.3|2023-05-30 16:14:15|2024-10-16 22:59:10|41|39|1|4|2528.107232
wa4109495801-ugx|4109495801|UGX|66.26|2024-01-21 04:42:16|2024-06-12 17:45:28|20|19|1|3|666.340733
wa0906670761-eur|0906670761|EUR|422.31|2024-05-27 08:46:56|2024-11-05 00:24:55|48|46|6|17|3604.3754999999996
wa4223312390-sos|4223312390|SOS|865.36|2023-08-18 19:52:37|2023-10-22 20:08:28|36|32|2|6|3358.3905179999997
wa9401334807-bnd|9401334807|BND|536.5|2023-06-24 10:59:34|2024-05-01 20:45:44|24|24|3|5|1852.01709
wa9401334807-top|9401334807|TOP|104.12|2023-12-14 20:19:32|2024-02-12 02:20:08|14|13|1|3|556.4988000000001
wa3477059924-syp|3477059924|SYP|574.28|2023-05-09 19:57:30|2024-08-06 03:11:53|12|12|0|0|423.752229
wa3477059924-dop|3477059924|DOP|911.9|2024-05-24 09:27:06|2024-10-01 08:44:47|22|21|3|7|154.94527399999998
wa4458490486-top|4458490486|TOP|170.15|2024-07-25 20:15:52|2024-08-06 21:17:10|16|12|4|8|633.138363
wa4458490486-lsl|4458490486|LSL|759.75|2024-04-26 10:19:10|2024-09-01 11:18:29|35|34|3|12|3761.9933399999995
wa4458490486-awg|4458490486|AWG|274.14|2024-09-26 14:57:13|2025-01-04 10:19:00|20|20|3|18|221.74904999999998
wa2536459077-zmw|2536459077|ZMW|666.83|2024-08-25 23:57:46|2025-01-01 13:57:59|27|25|5|14|1979.547008
wa2907384664-cup|2907384664|CUP|124.14|2024-10-13 19:12:56|2024-12-25 17:02:26|48|47|15|48|4154.099287999999
wa1698928611-nok|1698928611|NOK|45.49|2024-08-17 11:24:17|2024-12-12 02:11:05|41|40|10|24|1856.75528
wa1698928611-mdl|1698928611|MDL|872.8|2024-05-15 13:14:44|2024-06-15 14:28:45|46|45|6|22|625.1289750000001
wa4226064648-shp|4226064648|SHP|284.75|2024-06-25 15:09:15|2024-07-11 23:22:02|36|36|5|20|602.50869
wa4226064648-etb|4226064648|ETB|284.23|2024-05-12 21:01:09|2024-12-22 18:21:36|24|20|4|8|901.443996
wa2531701873-cve|2531701873|CVE|184.36|2024-01-31 07:11:57|2024-12-26 11:06:26|24|23|2|5|153.636021
wa8494718961-thb|8494718961|THB|352.94|2023-04-08 09:28:20|2024-01-11 16:00:56|41|40|1|3|4365.723586
wa8494718961-qar|8494718961|QAR|867.38|2023-09-02 06:43:30|2024-09-03 04:03:55|32|30|1|4|1365.0465430000002
wa7067776604-aud|7067776604|AUD|233.86|2024-04-12 00:28:10|2024-04-15 10:15:40|46|44|5|12|2658.351124
wa7067776604-krw|7067776604|KRW|861.85|2024-08-28 17:02:11|2024-12-13 21:10:49|30|30|4|22|2602.360119
wa3478699574-thb|3478699574|THB|417.94|2023-02-10 23:19:27|2023-05-19 18:24:04|47|46|2|6|6672.770232
wa3478699574-mnt|3478699574|MNT|530.01|2024-01-30 23:13:30|2024-03-30 23:39:25|47|44|2|6|737.361366
wa3351739574-crc|3351739574|CRC|951.14|2024-10-18 23:37:49|2024-12-16 14:52:55|22|21|7|22|2279.459556
wa0725618731-mkd|0725618731|MKD|899.86|2024-08-29 14:47:23|2024-10-23 10:19:12|18|18|1|11|323.820882
wa0725618731-cve|0725618731|CVE|724.1|2024-10-12 13:27:12|2025-01-05 22:46:49|40|37|9|40|222.686982
wa5454953844-aud|5454953844|AUD|674.05|2024-08-11 09:31:08|2024-11-14 23:14:51|20|19|2|7|770.6300289999999
wa5454953844-aed|5454953844|AED|600.24|2024-11-06 22:05:47|2024-12-02 00:48:57|32|31|15|32|2616.48396
wa1903508271-ggp|1903508271|GGP|826.62|2023-10-19 17:20:56|2024-08-17 06:49:23|18|18|3|7|2397.89862
wa1903508271-vnd|1903508271|VND|917.88|2024-11-18 21:42:22|2024-12-01 08:43:01|43|40|16|43|2301.188509
wa4416355660-npr|4416355660|NPR|826.86|2023-10-16 01:48:09|2024-07-31 02:40:57|15|15|2|3|865.941744
wa0922008047-zar|0922008047|ZAR|749.41|2024-12-07 06:19:51|2024-12-18 07:43:01|49|47|40|49|5933.071662
wa3230399210-ttd|3230399210|TTD|110.6|2024-05-06 14:39:18|2024-07-06 10:14:58|47|47|6|12|5685.495225
wa8554610332-kmf|8554610332|KMF|258.65|2024-06-20 14:01:41|2024-11-17 23:46:28|28|26|4|14|835.01012
wa0784573812-rwf|0784573812|RWF|771.15|2024-08-20 01:12:23|2024-12-20 00:57:59|24|22|5|19|1881.8676480000001
wa0784573812-pen|0784573812|PEN|359.72|2024-11-13 09:00:05|2024-12-23 11:23:18|21|20|13|21|2322.805659
wa9761055063-rwf|9761055063|RWF|545.13|2025-01-06 14:44:35|2025-01-08 03:03:29|46|42|46|46|3457.7823900000003
wa6143462348-bbd|6143462348|BBD|746.35|2024-10-26 01:10:52|2024-11-14 10:03:04|15|14|5|15|1187.364752
wa4469924279-mad|4469924279|MAD|977.76|2024-07-14 22:51:55|2024-10-23 14:38:25|35|33|6|16|2118.153807
wa2599541989-aed|2599541989|AED|613.17|2023-02-16 01:29:13|2024-09-29 12:51:07|30|28|2|7|1770.136575
wa2554189981-ngn|2554189981|NGN|710.32|2024-09-22 21:29:13|2024-12-11 11:31:44|23|23|3|20|1344.1799230000001
wa1281880035-aoa|1281880035|AOA|335.61|2024-04-12 18:16:01|2024-05-02 16:29:49|27|24|2|9|1647.70953
wa1281880035-gyd|1281880035|GYD|425.27|2024-06-21 03:36:07|2025-01-08 01:11:06|44|40|10|26|1009.990704
wa3286219380-ltl|3286219380|LTL|174.54|2024-11-02 21:00:44|2024-12-25 22:13:46|43|42|16|43|2.652258
wa8636964916-kpw|8636964916|KPW|245.0|2024-12-25 04:39:40|2025-01-09 00:20:12|46|44|46|46|1883.046197
wa2377780698-xof|2377780698|XOF|191.1|2024-09-23 12:27:40|2024-12-13 08:09:07|20|17|6|16|1344.5141
wa6574482310-mop|6574482310|MOP|272.9|2024-04-18 01:18:02|2024-07-04 19:25:16|28|27|3|11|1497.250872
wa6574482310-tnd|6574482310|TND|447.51|2023-07-23 15:50:31|2025-01-02 20:29:01|37|35|0|4|1036.45157
wa4283721168-rub|4283721168|RUB|716.68|2024-04-19 15:48:42|2024-12-01 05:32:06|19|17|4|7|564.320218
wa8819733395-cup|8819733395|CUP|771.09|2024-05-31 20:57:41|2024-07-28 22:16:36|14|14|1|6|1458.914442
wa8819733395-imp|8819733395|IMP|220.59|2024-06-25 04:38:09|2024-08-22 19:22:53|39|37|7|15|1557.872609
wa9549952424-scr|9549952424|SCR|526.03|2024-02-05 20:45:26|2024-05-29 15:20:56|15|14|2|3|707.7808799999999
wa9549952424-pkr|9549952424|PKR|637.77|2024-09-11 01:15:17|2024-11-23 19:50:35|45|42|14|35|2573.35524
wa9549952424-huf|9549952424|HUF|417.01|2024-03-10 23:13:10|2024-12-22 19:26:34|32|32|1|4|1521.10165
wa8193546595-shp|8193546595|SHP|885.3|2024-09-30 12:47:00|2024-11-29 06:53:43|19|17|2|14|291.268412
wa8193546595-bgn|8193546595|BGN|956.59|2024-09-04 12:22:06|2024-10-08 06:39:15|46|44|9|31|1250.599779
wa5733847359-ils|5733847359|ILS|591.44|2024-12-13 18:26:18|2024-12-21 16:06:58|43|41|43|43|161.10165600000002
wa5733847359-azn|5733847359|AZN|336.57|2022-09-14 11:25:37|2023-02-22 08:37:50|35|33|2|4|2781.96562
wa5877503267-uah|5877503267|UAH|103.13|2024-12-03 07:50:40|2024-12-27 13:20:25|23|21|16|23|570.35832
wa6595519343-clp|6595519343|CLP|155.32|2023-07-14 15:21:46|2023-12-21 18:15:09|13|10|0|0|627.497928
wa6595519343-uzs|6595519343|UZS|603.08|2024-10-28 08:56:01|2024-12-12 11:35:10|29|28|16|29|1210.467595
wa8658286910-bdt|8658286910|BDT|496.19|2022-05-27 17:18:30|2023-07-08 11:20:34|34|33|1|4|1277.3315579999999
wa8658286910-pln|8658286910|PLN|769.56|2023-04-28 01:40:51|2023-05-08 01:00:25|20|20|0|2|849.75501
wa8658286910-bnd|8658286910|BND|20.08|2023-08-29 21:18:34|2024-07-10 12:00:28|28|27|0|6|2315.9319149999997
wa1340155557-kzt|1340155557|KZT|707.7|2024-09-03 07:33:06|2024-11-29 21:50:41|49|47|12|31|2606.528236
wa1516065477-vuv|1516065477|VUV|480.09|2023-10-07 06:01:04|2024-08-02 14:21:03|40|38|3|11|2956.062738
wa5703033497-mga|5703033497|MGA|617.56|2023-04-18 08:08:10|2024-05-22 00:20:29|32|32|3|4|459.38508
wa7391117700-jep|7391117700|JEP|687.58|2024-11-17 19:43:00|2024-12-13 11:59:36|26|24|16|26|2825.71215
wa7391117700-pen|7391117700|PEN|977.21|2024-08-12 06:02:55|2024-08-22 02:35:24|45|43|7|24|3797.0730829999998
wa0671791884-rsd|0671791884|RSD|584.36|2023-11-18 00:29:28|2024-04-11 18:27:56|35|33|3|7|709.972802
wa0671791884-sdg|0671791884|SDG|750.31|2024-08-23 18:45:44|2025-01-02 11:55:23|23|22|3|12|2180.081404
wa5485104303-ltl|5485104303|LTL|447.03|2023-06-25 22:45:13|2024-10-25 21:35:48|21|21|2|2|1.2045359999999998
wa5485104303-try|5485104303|TRY|559.07|2024-12-20 00:41:38|2024-12-24 13:47:32|13|12|13|13|1095.47823
wa5485104303-nad|5485104303|NAD|383.32|2024-06-20 08:36:09|2024-07-01 13:14:03|22|20|5|10|1629.103574
wa7938836675-bwp|7938836675|BWP|356.01|2024-11-26 19:37:42|2024-12-12 07:29:46|19|19|13|19|856.092545
wa6845334722-usd|6845334722|USD|154.04|2024-12-11 16:21:23|2024-12-16 05:03:50|44|41|43|44|906.855764
wa6262871721-fjd|6262871721|FJD|802.36|2023-08-09 12:14:53|2023-12-31 18:48:08|25|23|2|5|2048.350731
wa8573363826-kes|8573363826|KES|604.26|2024-12-28 21:13:56|2024-12-30 03:30:56|27|25|27|27|2095.821024
wa8573363826-mvr|8573363826|MVR|461.46|2025-01-07 22:36:47|2025-01-08 10:36:16|15|14|15|15|1716.02604
wa4863876851-nis|4863876851|NIS|931.13|2024-06-28 00:54:56|2024-11-08 03:14:58|48|48|3|22|1265.75648
wa4863876851-dkk|4863876851|DKK|642.04|2024-12-12 23:40:24|2024-12-13 04:58:45|38|36|38|38|822.81672
wa7576654305-tnd|7576654305|TND|533.73|2024-11-14 17:12:32|2024-12-07 19:22:51|23|22|9|23|729.425606
wa7576654305-mmk|7576654305|MMK|993.93|2024-09-15 04:30:49|2024-12-29 07:07:26|26|26|6|18|1235.14105
wa5241589111-ang|5241589111|ANG|419.46|2024-04-20 01:24:16|2024-10-14 14:01:54|27|27|1|7|2325.930171
wa9821667021-chf|9821667021|CHF|855.68|2023-05-13 10:30:44|2024-01-11 10:16:14|47|45|1|4|3745.9445600000004
wa9630584298-myr|9630584298|MYR|154.38|2024-12-23 13:38:57|2024-12-30 05:30:38|47|44|47|47|2020.4027640000002
wa0037930792-btn|0037930792|BTN|390.83|2024-10-07 12:00:04|2024-11-26 07:57:20|38|36|13|38|1486.0769
wa0037930792-huf|0037930792|HUF|932.97|2024-12-15 16:12:41|2024-12-20 22:58:41|39|38|39|39|1390.60987
wa9988301732-kwd|9988301732|KWD|847.6|2024-08-15 10:55:11|2025-01-03 23:09:26|25|25|5|12|1807.3194230000001
wa0390089596-kes|0390089596|KES|434.91|2024-12-09 22:01:55|2024-12-27 21:19:33|29|29|27|29|2169.9262719999997
wa4967270234-ils|4967270234|ILS|86.64|2024-04-20 20:14:18|2024-05-24 18:26:02|40|38|4|9|124.52894400000001
wa4967270234-nis|4967270234|NIS|871.65|2024-04-26 05:39:20|2024-08-07 03:51:42|46|43|9|16|1232.4549319999999
wa4967270234-szl|4967270234|SZL|993.92|2024-06-08 05:55:40|2024-08-09 18:09:41|41|38|4|12|2610.135165
wa7529823781-mnt|7529823781|MNT|881.87|2023-08-28 14:36:38|2024-09-25 14:56:22|48|43|0|4|592.119871
wa7529823781-lkr|7529823781|LKR|695.79|2023-10-27 13:49:51|2024-06-11 20:50:03|31|30|1|4|623.69912
wa7064835926-aed|7064835926|AED|539.98|2024-09-13 14:39:14|2024-12-23 00:25:38|11|10|2|9|719.2246349999999
wa8287775163-ngn|8287775163|NGN|806.81|2024-07-05 16:14:08|2024-12-27 10:06:26|45|44|7|19|2653.245422
wa3760826468-uzs|3760826468|UZS|964.61|2023-12-26 07:30:02|2024-07-20 19:47:58|10|7|0|2|295.506946
wa3760826468-zmw|3760826468|ZMW|710.39|2023-10-20 03:20:55|2024-12-08 01:20:12|22|21|1|3|1594.826176
wa9719606511-egp|9719606511|EGP|57.53|2023-08-03 13:36:00|2023-10-23 12:01:59|46|42|4|11|3943.1206919999995
wa9719606511-ils|9719606511|ILS|831.49|2024-02-05 18:48:23|2024-12-06 19:22:50|35|34|3|8|138.12554400000002
wa4819505208-ron|4819505208|RON|692.23|2024-10-04 15:06:38|2024-10-11 15:31:12|15|15|6|13|333.778344
wa0929211779-lkr|0929211779|LKR|924.67|2024-12-17 10:05:31|2025-01-05 09:09:24|44|43|44|44|922.46035
wa0929211779-qar|0929211779|QAR|271.97|2024-09-04 17:46:15|2024-11-18 09:05:21|46|45|7|31|2109.1880730000003
wa7561121757-kyd|7561121757|KYD|592.17|2024-08-22 11:00:22|2024-10-15 05:36:03|29|29|4|18|1795.2626
wa7777452418-nio|7777452418|NIO|352.79|2024-09-30 03:23:30|2024-12-10 18:07:41|47|45|18|45|3241.3973269999997
wa7777452418-spl|7777452418|SPL|820.76|2024-08-05 19:52:08|2024-11-16 14:37:48|40|39|7|23|951.187284
wa6801812866-mur|6801812866|MUR|551.63|2024-02-13 14:58:29|2024-08-30 08:34:35|24|22|2|4|1362.535212
wa6958561037-mro|6958561037|MRO|528.26|2023-11-29 06:58:08|2024-08-28 01:20:32|21|19|2|5|1718.367714
wa6958561037-cve|6958561037|CVE|406.16|2024-10-09 20:16:45|2024-12-22 07:18:05|22|22|5|21|136.798389
wa5766658712-hkd|5766658712|HKD|508.73|2024-05-30 04:59:44|2024-12-29 20:06:09|18|17|3|7|1543.554744
wa5805697360-brl|5805697360|BRL|45.37|2023-08-21 15:08:08|2024-03-29 12:06:24|40|38|2|4|334.46706
wa5805697360-mkd|5805697360|MKD|939.98|2023-05-23 14:18:15|2023-07-17 18:28:38|47|45|2|8|1072.670445
wa4244586693-cop|4244586693|COP|398.26|2024-12-23 04:27:22|2025-01-06 08:57:34|19|18|19|19|992.561805
wa2781848108-xdr|2781848108|XDR|30.19|2023-11-03 19:59:29|2024-03-01 09:15:20|11|10|1|3|1053.24176
wa7833412819-awg|7833412819|AWG|886.88|2024-11-24 05:04:49|2024-12-10 01:34:07|20|20|15|20|246.58072499999997
wa7833412819-dop|7833412819|DOP|983.07|2024-05-14 09:13:28|2024-11-18 18:37:20|24|22|0|4|185.200708
wa4374982732-ghs|4374982732|GHS|147.18|2025-01-03 21:14:21|2025-01-06 10:18:05|29|25|29|29|876.275952
wa5610690698-bdt|5610690698|BDT|864.31|2024-08-19 14:21:06|2024-10-16 15:17:29|22|15|0|16|515.857092
wa5610690698-ars|5610690698|ARS|883.24|2024-04-29 06:50:15|2024-05-08 12:50:42|16|15|1|7|556.395848
wa4802736977-yer|4802736977|YER|935.44|2023-07-25 06:30:12|2024-06-26 10:28:09|20|20|1|7|186.06451
wa4156363122-omr|4156363122|OMR|744.39|2024-09-10 18:54:49|2024-09-14 00:57:24|38|37|9|31|3786.4041319999997
wa4156363122-vuv|4156363122|VUV|240.76|2024-03-05 03:08:01|2025-01-07 23:58:30|45|43|4|13|3442.608942
wa8069968429-scr|8069968429|SCR|762.56|2024-12-21 08:27:07|2025-01-01 20:53:31|44|44|44|44|2288.4995999999996
wa4589565776-kwd|4589565776|KWD|617.84|2022-11-16 13:57:59|2023-10-05 16:05:02|26|25|0|0|2280.384834
wa5750977287-gbp|5750977287|GBP|903.8|2023-04-02 02:13:01|2023-11-26 16:56:28|13|12|1|4|1359.824739
wa3680886959-tjs|3680886959|TJS|568.9|2024-06-12 23:32:00|2024-10-11 04:21:51|48|47|9|22|4543.197816
wa3680886959-dzd|3680886959|DZD|649.31|2024-11-30 16:00:45|2024-12-21 11:08:11|50|47|36|50|5619.671343
wa4769270289-nok|4769270289|NOK|830.34|2024-12-01 19:46:16|2024-12-16 17:39:46|47|44|40|47|2070.463264
wa4769270289-pen|4769270289|PEN|572.24|2024-12-17 20:30:15|2024-12-26 23:52:41|35|33|35|35|4001.4187429999997
wa2679423384-omr|2679423384|OMR|973.92|2024-07-24 08:46:49|2024-11-30 15:31:17|36|35|6|17|3062.076416
wa2679423384-uyu|2679423384|UYU|645.1|2024-05-16 11:41:23|2024-09-27 23:27:32|10|10|1|3|252.04307
wa9574636940-hrk|9574636940|HRK|250.19|2024-12-24 09:13:42|2025-01-05 15:17:15|23|23|23|23|351.073242
wa7961556092-krw|7961556092|KRW|39.58|2024-01-23 18:19:49|2024-07-03 13:32:26|34|28|2|6|2477.5162490000002
wa7961556092-tnd|7961556092|TND|251.26|2024-12-19 08:28:11|2025-01-08 07:30:07|11|11|11|11|413.12251399999997
wa4482597668-vef|4482597668|VEF|720.6|2024-12-22 19:32:59|2024-12-27 17:49:03|47|45|47|47|2441.9288500000002
wa1818524957-scr|1818524957|SCR|393.26|2023-06-21 22:56:39|2024-09-18 05:47:47|47|45|0|7|2372.23062
wa1818524957-tvd|1818524957|TVD|527.32|2024-02-05 17:10:45|2024-10-07 03:00:04|43|41|7|14|3290.482494
wa3319128572-krw|3319128572|KRW|346.75|2023-10-23 17:39:14|2024-01-23 13:02:11|43|41|1|8|3849.925722
wa5347616618-ars|5347616618|ARS|519.69|2024-02-27 14:22:07|2024-04-17 21:04:02|42|40|2|11|1375.028204
wa4514835224-zwd|4514835224|ZWD|263.41|2022-05-26 13:13:21|2024-08-31 10:06:47|41|39|1|5|889.559982
wa7597539986-aed|7597539986|AED|29.53|2024-07-13 08:13:40|2024-10-15 22:43:20|16|14|4|8|891.1648349999999
wa7597539986-htg|7597539986|HTG|133.96|2024-07-19 02:58:09|2024-08-10 12:53:36|25|24|4|13|544.062013
wa7597539986-amd|7597539986|AMD|637.58|2024-06-05 12:42:43|2024-08-14 12:05:27|25|22|3|8|1898.2466220000001
wa5841705226-bob|5841705226|BOB|878.88|2024-12-16 20:49:52|2025-01-01 09:53:27|16|16|16|16|881.3433419999999
wa5841705226-tnd|5841705226|TND|527.01|2024-12-26 07:40:46|2025-01-09 01:05:49|43|40|43|43|1329.54227
wa7304662815-bsd|7304662815|BSD|318.16|2023-12-25 14:28:55|2024-04-07 23:29:17|43|40|4|7|1939.647397
wa3905548714-lbp|3905548714|LBP|549.73|2023-11-01 10:04:04|2024-11-18 14:31:10|28|26|2|3|127.431165
wa3905548714-kwd|3905548714|KWD|815.62|2023-12-24 02:12:44|2024-09-26 20:43:13|16|16|3|5|1189.685406
wa5364883667-pab|5364883667|PAB|299.87|2024-12-19 16:19:09|2025-01-11 11:20:31|47|43|47|47|1363.521414
wa6218307471-zmw|6218307471|ZMW|559.12|2024-11-12 17:24:17|2024-12-11 02:35:45|22|20|9|22|1391.414464
wa3268612851-bam|3268612851|BAM|727.45|2025-01-08 10:41:41|2025-01-10 08:05:00|33|33|33|33|357.583686
wa2803421046-tvd|2803421046|TVD|934.3|2024-01-10 22:16:50|2024-06-12 15:54:57|33|32|4|8|2222.616264
wa2895169317-czk|2895169317|CZK|157.8|2023-10-03 11:30:49|2023-11-24 20:39:29|41|40|2|6|4037.582052
wa2895169317-cad|2895169317|CAD|256.31|2022-12-21 15:03:28|2024-07-30 07:21:01|26|24|1|2|1293.482034
wa9111425729-hkd|9111425729|HKD|411.08|2024-11-25 05:43:17|2024-11-25 09:19:30|21|19|14|21|2012.693554
wa8869972646-kpw|8869972646|KPW|577.12|2023-06-12 04:04:39|2025-01-05 21:37:15|34|33|3|5|1424.407291
wa8869972646-myr|8869972646|MYR|648.71|2024-12-01 12:28:34|2024-12-09 02:55:07|27|26|23|27|1277.030148
wa0360084128-uzs|0360084128|UZS|554.59|2025-01-10 21:54:50|2025-01-11 07:53:16|18|18|18|18|529.643102
wa2976410147-egp|2976410147|EGP|547.14|2024-12-04 02:37:31|2024-12-12 10:13:49|12|12|9|12|1238.705076
wa2976410147-huf|2976410147|HUF|945.64|2024-12-30 23:14:27|2025-01-02 13:13:34|39|35|39|39|1704.7928
wa2976410147-dkk|2976410147|DKK|882.48|2024-12-16 10:43:36|2025-01-11 00:28:22|27|23|27|27|511.84782
wa3290905786-bwp|3290905786|BWP|403.84|2024-08-15 07:18:04|2024-12-29 09:26:55|45|40|5|26|1769.534624
wa4119397716-jod|4119397716|JOD|824.38|2024-11-13 06:57:32|2024-12-28 20:28:05|31|29|20|31|1978.612696
wa3730868784-bhd|3730868784|BHD|642.39|2025-01-11 02:29:30|2025-01-11 09:59:46|12|11|12|12|1311.64957
wa3730868784-cuc|3730868784|CUC|167.75|2025-01-01 06:01:22|2025-01-04 02:20:08|32|31|32|32|1878.5574000000001
wa3730868784-hrk|3730868784|HRK|99.56|2025-01-01 02:34:10|2025-01-05 09:17:10|34|31|34|34|543.680072
wa9589624442-fkp|9589624442|FKP|887.04|2024-12-05 20:36:48|2025-01-10 15:20:47|41|41|36|41|4113.814928000001
wa9589624442-myr|9589624442|MYR|692.98|2025-01-06 13:33:56|2025-01-08 10:29:27|44|43|44|44|1913.2427320000002
wa9589624442-kgs|9589624442|KGS|495.93|2024-08-24 15:23:47|2024-11-02 14:35:48|23|22|4|14|256.37337
wa2564377699-kmf|2564377699|KMF|488.56|2024-12-19 04:14:50|2025-01-01 18:14:42|34|33|34|34|1007.61512
wa2564377699-nis|2564377699|NIS|776.56|2023-05-15 16:55:57|2024-08-15 02:14:19|18|18|0|0|484.971434
wa0444067525-svc|0444067525|SVC|667.42|2023-12-02 02:12:27|2024-01-08 03:05:27|44|42|3|7|4745.806807999999
wa0444067525-xpf|0444067525|XPF|901.92|2023-06-09 07:47:11|2023-07-05 07:27:37|31|29|0|5|2195.656788
wa3653591634-idr|3653591634|IDR|265.74|2024-08-21 20:15:21|2024-12-25 15:58:21|47|46|12|35|5547.138878999999
wa0988349461-nio|0988349461|NIO|479.47|2023-10-15 23:15:34|2024-02-27 21:36:36|40|39|2|7|3028.977958
wa3886338613-ars|3886338613|ARS|480.91|2024-10-05 23:22:22|2024-11-28 11:50:17|42|37|10|36|1290.3571
wa8998363207-npr|8998363207|NPR|475.37|2023-04-01 19:23:04|2024-01-18 19:04:15|44|44|1|9|2019.034478
wa8998363207-pkr|8998363207|PKR|931.29|2024-04-07 21:59:35|2024-07-02 04:01:11|16|15|0|2|887.669064
wa8998363207-pgk|8998363207|PGK|861.18|2024-07-29 12:13:24|2024-10-12 07:35:23|46|45|8|26|549.35628
wa6750373887-btn|6750373887|BTN|940.73|2024-03-18 08:52:57|2024-06-28 19:06:54|20|17|1|6|757.5876000000001
wa6750373887-pab|6750373887|PAB|461.55|2024-02-10 20:37:59|2024-02-15 03:21:05|27|27|4|12|850.228049
wa3294156109-sdg|3294156109|SDG|648.93|2024-12-10 17:45:04|2024-12-28 01:21:05|28|27|25|28|2210.178537
wa5328598221-usd|5328598221|USD|723.42|2023-09-14 08:47:02|2024-11-20 07:24:53|38|38|4|5|963.8579530000001
wa2233823039-kpw|2233823039|KPW|672.75|2024-11-22 01:07:12|2024-12-19 11:03:41|31|31|18|31|1203.083724
wa2233823039-isk|2233823039|ISK|887.04|2024-12-13 17:25:07|2024-12-24 10:16:47|24|23|24|24|2178.4470140000003
wa6920641802-dzd|6920641802|DZD|518.05|2024-02-29 10:14:41|2024-04-05 05:20:21|17|16|1|7|2153.419529
wa6026458802-gmd|6026458802|GMD|390.81|2024-12-27 03:12:39|2025-01-11 07:59:33|19|17|19|19|1862.053596
wa8517676546-mop|8517676546|MOP|708.49|2024-05-13 05:01:59|2024-07-15 22:10:47|37|37|6|11|1822.7045520000001
wa5770262193-pyg|5770262193|PYG|903.97|2024-04-30 00:03:12|2024-12-19 16:11:38|37|34|1|17|3594.2563069999997
wa5770262193-spl|5770262193|SPL|380.5|2024-07-08 18:45:06|2025-01-07 22:29:27|43|41|4|20|972.9081719999999
wa5406202481-dzd|5406202481|DZD|16.38|2024-09-07 14:35:49|2024-10-21 03:48:53|35|34|9|23|3770.0113579999997
wa5062565902-bam|5062565902|BAM|313.08|2024-10-16 22:06:52|2024-11-20 20:55:55|18|17|9|18|204.411937
wa6131623433-usd|6131623433|USD|444.07|2023-12-20 23:49:32|2024-01-23 18:23:24|26|24|5|8|656.5248640000001
wa8906463978-lrd|8906463978|LRD|773.7|2022-10-07 20:53:40|2022-11-26 22:05:02|41|41|1|3|285.205764
wa4142018843-ils|4142018843|ILS|412.07|2025-01-02 02:05:02|2025-01-09 06:06:44|31|31|31|31|139.22673600000002
wa4142018843-usd|4142018843|USD|738.4|2024-05-14 10:59:15|2024-12-20 13:25:45|49|47|10|23|1162.379922
wa3070115693-irr|3070115693|IRR|102.85|2024-11-22 08:08:05|2025-01-11 11:59:17|46|43|31|46|294.887372
wa4370519938-all|4370519938|ALL|651.65|2024-07-19 15:33:50|2024-08-08 21:50:05|31|29|7|17|1046.878488
wa4370519938-brl|4370519938|BRL|736.88|2024-07-28 03:14:24|2024-09-20 07:56:04|48|44|14|28|435.17397
wa4463611123-ars|4463611123|ARS|528.02|2023-03-20 23:06:45|2024-01-05 06:27:33|24|21|0|0|647.6569199999999
wa4463611123-kpw|4463611123|KPW|278.78|2023-03-24 12:23:07|2024-04-20 22:41:34|38|35|0|4|1188.020919
wa7251025921-kwd|7251025921|KWD|711.57|2024-04-29 19:49:42|2024-05-01 04:29:18|33|30|5|9|2595.102692
wa1015930298-mro|1015930298|MRO|929.13|2023-12-28 08:03:42|2024-04-12 01:08:45|18|17|4|7|1428.980676
wa7160934125-bam|7160934125|BAM|16.11|2022-09-11 07:33:28|2024-09-19 01:34:21|27|27|1|3|282.57527699999997
wa7160934125-mnt|7160934125|MNT|712.9|2024-06-17 01:40:18|2024-07-30 14:58:09|25|25|5|12|449.66894
wa8039549153-gmd|8039549153|GMD|370.07|2024-12-30 19:44:34|2025-01-05 12:17:42|38|36|38|38|3581.850168
wa8521022324-mga|8521022324|MGA|21.46|2024-12-04 12:50:06|2024-12-21 07:15:01|41|41|39|41|552.75792
wa8521022324-lrd|8521022324|LRD|254.92|2024-05-31 12:47:18|2024-10-20 20:55:45|49|48|4|13|309.645192
wa1149020195-xpf|1149020195|XPF|385.5|2024-09-23 10:00:18|2025-01-06 15:24:15|46|46|9|40|3813.196452
wa1149020195-mxn|1149020195|MXN|499.66|2024-09-06 10:39:53|2024-09-13 09:38:59|12|11|3|9|149.257963
wa3280885953-bif|3280885953|BIF|669.4|2024-02-23 17:38:01|2024-09-01 00:09:07|47|43|1|16|1049.836032
wa3280885953-mro|3280885953|MRO|377.23|2023-11-23 01:31:00|2024-11-23 15:32:03|19|18|3|6|1426.4206379999998
wa7701910319-sar|7701910319|SAR|263.98|2024-10-22 09:57:18|2024-11-06 18:50:06|12|11|2|12|528.281665
wa7701910319-inr|7701910319|INR|720.03|2024-11-24 13:19:18|2025-01-04 08:26:52|40|39|21|40|3624.60618
wa7701910319-mro|7701910319|MRO|155.11|2024-12-16 14:35:32|2024-12-24 02:41:19|49|47|49|49|3854.0729939999997
wa5258727824-scr|5258727824|SCR|930.98|2024-05-27 09:53:01|2024-08-18 21:03:40|39|35|3|12|1712.9777399999998
wa5258727824-eur|5258727824|EUR|243.54|2023-01-22 11:39:51|2023-12-06 10:29:34|20|18|0|3|1248.225
wa4480750085-cuc|4480750085|CUC|92.3|2024-03-12 20:50:26|2025-01-10 10:56:04|35|32|1|7|1942.5885240000002
wa4480750085-xpf|4480750085|XPF|209.64|2024-10-07 11:35:44|2024-11-19 21:06:24|37|32|11|34|2318.207528
wa4480750085-php|4480750085|PHP|450.1|2024-06-01 04:29:17|2024-07-20 21:18:18|38|36|2|16|3360.288973
wa0808242696-huf|0808242696|HUF|961.74|2024-05-16 22:46:34|2024-05-27 23:13:09|17|17|3|6|786.47415
wa0808242696-qar|0808242696|QAR|346.39|2024-09-07 15:14:02|2024-10-01 07:35:47|22|21|4|18|1132.511854
wa3810612899-inr|3810612899|INR|305.65|2024-05-21 17:39:10|2024-06-02 17:04:55|38|36|5|16|2935.65753
wa0345797859-amd|0345797859|AMD|238.82|2024-12-13 09:08:04|2024-12-28 18:51:28|39|35|39|39|3127.4505
wa8886305679-kyd|8886305679|KYD|522.6|2024-11-29 22:11:28|2024-12-26 19:03:18|43|40|27|43|2816.69388
wa9381819065-jmd|9381819065|JMD|370.56|2024-03-24 22:25:40|2024-11-27 11:56:36|38|36|6|13|198.552102
wa7814608055-cny|7814608055|CNY|887.42|2024-08-02 01:52:06|2024-10-15 21:28:17|16|15|3|9|1176.899836
wa3231127828-isk|3231127828|ISK|228.99|2024-04-27 14:34:32|2024-08-02 06:55:03|15|13|3|6|1054.106679
wa9797864194-tmt|9797864194|TMT|882.1|2024-12-12 00:02:25|2025-01-03 17:42:57|17|14|15|17|1007.4783949999999
wa8195274197-mkd|8195274197|MKD|350.77|2025-01-01 14:50:27|2025-01-06 10:07:14|24|24|24|24|458.076465
wa9298506788-bhd|9298506788|BHD|933.75|2023-02-20 20:19:56|2024-02-16 02:47:00|29|27|0|2|3648.0541019999996
wa9298506788-azn|9298506788|AZN|829.16|2023-06-27 22:07:16|2023-12-19 07:49:50|19|17|1|4|1208.0477799999999
wa1211666048-uah|1211666048|UAH|886.19|2024-07-29 11:19:38|2024-11-26 23:43:31|28|27|7|18|854.95512
wa7702477527-sll|7702477527|SLL|158.32|2024-12-06 05:16:54|2025-01-03 11:16:56|44|43|39|44|2461.85437
wa9198635049-pyg|9198635049|PYG|171.18|2023-09-01 10:46:52|2024-08-01 22:48:00|47|47|2|7|5155.478486999999
wa9198635049-djf|9198635049|DJF|295.26|2023-11-09 08:06:57|2023-12-15 16:37:12|22|21|3|7|739.6460480000001
wa0265342975-rsd|0265342975|RSD|80.27|2024-04-06 21:24:15|2024-08-30 02:46:49|21|20|1|5|309.481277
wa8618155894-ggp|8618155894|GGP|831.95|2023-06-05 23:30:21|2024-05-12 14:09:59|34|32|1|4|2654.102475
wa8618155894-xdr|8618155894|XDR|238.09|2024-11-26 16:43:18|2024-12-18 15:37:56|35|34|19|35|3547.84008
wa8618155894-vnd|8618155894|VND|652.86|2023-06-02 11:07:50|2024-08-03 19:53:51|38|36|2|4|2266.159831
wa0861594310-vnd|0861594310|VND|100.53|2024-03-23 01:18:32|2024-09-10 08:52:12|27|25|2|7|1636.361783
wa0861594310-dop|0861594310|DOP|708.9|2024-11-14 19:01:05|2024-11-28 01:04:10|23|20|15|23|165.36982
wa5545411813-brl|5545411813|BRL|683.58|2022-10-27 17:22:51|2024-06-29 15:05:19|21|19|0|0|196.21326
wa5545411813-mad|5545411813|MAD|309.14|2022-06-26 04:21:55|2022-08-15 01:06:11|19|18|1|3|1220.315202
wa1107973045-ils|1107973045|ILS|76.0|2023-04-21 12:14:56|2023-09-27 07:00:05|22|21|1|6|86.632272
wa6192293734-hrk|6192293734|HRK|430.73|2024-02-25 23:43:32|2024-11-18 18:38:44|26|25|4|12|498.24688399999997
wa6192293734-awg|6192293734|AWG|86.31|2024-01-22 22:52:39|2024-08-24 22:02:51|17|15|2|5|179.70288
wa6192293734-nok|6192293734|NOK|144.49|2024-06-16 09:47:46|2024-10-12 22:41:21|25|21|3|8|1038.884464
wa9539999530-mxn|9539999530|MXN|878.2|2024-09-18 01:48:36|2024-12-03 03:52:04|43|38|14|33|468.949803
wa9539999530-nis|9539999530|NIS|494.17|2024-12-31 09:44:27|2025-01-02 14:40:33|27|26|27|27|634.594894
wa3879861699-isk|3879861699|ISK|538.82|2024-01-27 23:10:40|2024-12-26 00:51:19|18|17|2|4|1198.471615
wa0347274756-lyd|0347274756|LYD|461.85|2023-06-19 19:50:03|2023-12-05 02:29:42|14|13|0|2|542.803635
wa0347274756-nok|0347274756|NOK|734.3|2022-11-18 14:01:21|2023-09-12 21:30:41|45|42|0|2|1741.708384
wa8595427754-bif|8595427754|BIF|339.81|2023-07-25 13:16:09|2023-12-02 12:09:57|14|14|0|3|419.078592
wa4983699640-sos|4983699640|SOS|305.01|2024-07-19 08:41:48|2024-11-27 03:12:18|32|32|5|25|3761.3281279999997
wa4983699640-std|4983699640|STD|279.04|2023-05-13 07:38:18|2023-10-01 16:54:27|35|33|1|1|338.62604999999996
wa4983699640-ngn|4983699640|NGN|729.58|2024-04-09 10:29:47|2024-10-16 12:57:50|14|13|1|2|883.251871
wa2045651630-hnl|2045651630|HNL|305.46|2023-09-06 05:27:36|2024-07-28 18:23:54|46|45|2|7|4411.122408
wa2045651630-gel|2045651630|GEL|612.41|2024-03-30 14:37:01|2024-10-06 13:08:24|43|42|5|11|3412.0687470000003
wa4357920303-gip|4357920303|GIP|395.43|2023-06-20 05:54:39|2023-12-29 01:54:03|21|19|1|1|1660.384424
wa4357920303-yer|4357920303|YER|592.21|2023-07-22 22:52:45|2024-04-07 18:15:19|25|24|1|3|255.949365
wa4357920303-lak|4357920303|LAK|833.07|2024-12-22 03:38:53|2025-01-06 16:07:44|34|31|34|34|486.29177999999996
wa3990934899-jep|3990934899|JEP|797.36|2024-07-08 07:01:45|2024-11-17 19:25:07|44|41|6|13|4263.050276
wa6746346717-mkd|6746346717|MKD|541.41|2024-11-30 15:41:42|2025-01-07 20:15:39|42|39|30|42|744.288237
wa5498792044-fkp|5498792044|FKP|258.28|2024-06-08 08:52:32|2024-11-09 15:02:14|27|27|8|16|2697.6049120000002
wa8645923230-rsd|8645923230|RSD|755.27|2024-02-10 20:08:00|2025-01-01 09:42:45|21|20|3|8|406.709362
wa8645923230-zar|8645923230|ZAR|216.28|2023-04-02 02:53:02|2024-12-25 14:36:27|49|48|3|7|5690.621454
wa1467514195-shp|1467514195|SHP|902.74|2024-12-23 15:41:49|2025-01-08 20:46:14|15|13|15|15|268.309766
wa1467514195-inr|1467514195|INR|35.69|2024-01-20 22:22:28|2024-07-23 02:10:19|48|43|0|7|3421.36026
wa2138713683-bnd|2138713683|BND|252.78|2024-09-21 00:15:25|2024-11-03 06:30:57|28|28|4|22|2526.3395849999997
wa2138713683-ugx|2138713683|UGX|361.02|2025-01-03 13:08:21|2025-01-08 05:48:03|34|32|34|34|1413.7746690000001
wa2138713683-omr|2138713683|OMR|313.37|2024-09-12 17:11:20|2024-11-25 09:49:15|26|26|6|21|2495.6237459999998
wa8943895013-jmd|8943895013|JMD|431.28|2023-12-27 22:28:43|2024-12-14 22:01:51|28|24|4|6|143.702797
wa8943895013-yer|8943895013|YER|207.32|2023-10-04 07:02:57|2024-04-07 11:30:43|42|42|3|10|470.05724000000004
wa8943895013-crc|8943895013|CRC|997.45|2023-07-26 19:47:01|2024-12-22 11:37:43|15|14|2|3|1189.2818519999998
wa2028618016-djf|2028618016|DJF|269.04|2023-08-30 02:22:48|2024-08-19 05:52:16|39|35|1|5|1072.659572
wa2028618016-sdg|2028618016|SDG|110.55|2024-01-25 19:25:03|2024-05-28 02:31:19|27|23|3|7|1892.693161
wa6855398313-gel|6855398313|GEL|456.57|2024-12-25 13:17:20|2025-01-04 06:43:51|14|12|14|14|1239.9117330000001
wa9847806634-vnd|9847806634|VND|391.53|2024-03-15 14:09:26|2024-08-18 22:49:17|48|47|3|16|2961.149109
wa9847806634-zmw|9847806634|ZMW|496.7|2023-08-10 05:25:11|2024-08-10 13:06:47|29|27|2|6|2228.259008
