id|currency|rate|created_at
EXLBP-1735786274|LBP|0.7954|2025-01-02 02:51:14
EXLBP-1736249537|LBP|0.2922|2025-01-07 11:32:17
EXLBP-1736514216|LBP|0.0295|2025-01-10 13:03:36
EXLBP-1736563618|LBP|0.6483|2025-01-11 02:46:58
EXLBP-1736624588|LBP|0.0453|2025-01-11 19:43:08
EXISK-1736593103|ISK|1.0427|2025-01-11 10:58:23
EXISK-1736683018|ISK|0.7964|2025-01-12 11:56:58
EXISK-1736694878|ISK|1.1954|2025-01-12 15:14:38
EXISK-1736695458|ISK|0.2563|2025-01-12 15:24:18
EXISK-1736695698|ISK|0.1042|2025-01-12 15:28:18
EXISK-1736695798|ISK|0.9553|2025-01-12 15:29:58
EXMDL-1736320447|MDL|1.1365|2025-01-08 07:14:07
EXMDL-1736482337|MDL|0.1501|2025-01-10 04:12:17
EXMVR-1735821997|MVR|1.1949|2025-01-02 12:46:37
EXMVR-1736515601|MVR|0.642|2025-01-10 13:26:41
EXMVR-1736581063|MVR|0.9128|2025-01-11 07:37:43
EXMVR-1736660699|MVR|0.4005|2025-01-12 05:44:59
EXMVR-1736690473|MVR|0.8377|2025-01-12 14:01:13
EXMVR-1736691212|MVR|0.9046|2025-01-12 14:13:32
EXMVR-1736695945|MVR|1.0845|2025-01-12 15:32:25
EXXAF-1735744227|XAF|0.0039|2025-01-01 15:10:27
EXXAF-1736636845|XAF|0.0876|2025-01-11 23:07:25
EXSZL-1736309812|SZL|0.9912|2025-01-08 04:16:52
EXSZL-1736685269|SZL|0.4282|2025-01-12 12:34:29
EXSZL-1736694344|SZL|0.6897|2025-01-12 15:05:44
EXPEN-1736555768|PEN|1.0951|2025-01-11 00:36:08
EXAWG-1736194574|AWG|0.8884|2025-01-06 20:16:14
EXAWG-1736249573|AWG|0.2163|2025-01-07 11:32:53
EXAWG-1736472668|AWG|0.4151|2025-01-10 01:31:08
EXAWG-1736473285|AWG|0.3227|2025-01-10 01:41:25
EXAWG-1736522165|AWG|0.2481|2025-01-10 15:16:05
EXAWG-1736619768|AWG|0.1185|2025-01-11 18:22:48
EXSYP-1736011439|SYP|0.2434|2025-01-04 17:23:59
EXSYP-1736684249|SYP|0.2852|2025-01-12 12:17:29
EXSYP-1736689565|SYP|1.0654|2025-01-12 13:46:05
EXSYP-1736694970|SYP|0.3485|2025-01-12 15:16:10
EXSYP-1736695676|SYP|0.0821|2025-01-12 15:27:56
EXSYP-1736695714|SYP|1.077|2025-01-12 15:28:34
EXSYP-1736695918|SYP|0.3827|2025-01-12 15:31:58
EXCUC-1735879933|CUC|0.6306|2025-01-03 04:52:13
EXAOA-1736536309|AOA|0.629|2025-01-10 19:11:49
EXDZD-1736506825|DZD|0.6591|2025-01-10 11:00:25
EXDZD-1736630844|DZD|1.0889|2025-01-11 21:27:24
EXCDF-1736581659|CDF|0.587|2025-01-11 07:47:39
EXCDF-1736584961|CDF|1.0212|2025-01-11 08:42:41
EXDOP-1736354120|DOP|1.0526|2025-01-08 16:35:20
EXDOP-1736553736|DOP|0.4071|2025-01-11 00:02:16
EXDOP-1736628951|DOP|0.411|2025-01-11 20:55:51
EXDOP-1736642855|DOP|0.5471|2025-01-12 00:47:35
EXDOP-1736656614|DOP|0.0803|2025-01-12 04:36:54
EXTND-1735697211|TND|0.1489|2025-01-01 02:06:51
EXTND-1736296135|TND|0.4875|2025-01-08 00:28:55
EXTND-1736542767|TND|0.4102|2025-01-10 20:59:27
EXTND-1736579577|TND|0.3823|2025-01-11 07:12:57
EXTND-1736667798|TND|0.3262|2025-01-12 07:43:18
EXKRW-1736412794|KRW|0.9001|2025-01-09 08:53:14
EXGIP-1736356355|GIP|0.3827|2025-01-08 17:12:35
EXGIP-1736650528|GIP|0.4048|2025-01-12 02:55:28
EXGIP-1736682612|GIP|1.0206|2025-01-12 11:50:12
EXGIP-1736689238|GIP|1.0357|2025-01-12 13:40:38
EXGIP-1736692854|GIP|0.7208|2025-01-12 14:40:54
EXZWD-1735791900|ZWD|1.0069|2025-01-02 04:25:00
EXZWD-1736000687|ZWD|0.9042|2025-01-04 14:24:47
EXZWD-1736160665|ZWD|0.9085|2025-01-06 10:51:05
EXZWD-1736514848|ZWD|0.2097|2025-01-10 13:14:08
EXHTG-1736144494|HTG|0.9645|2025-01-06 06:21:34
EXHTG-1736592395|HTG|1.021|2025-01-11 10:46:35
EXHTG-1736620982|HTG|0.0203|2025-01-11 18:43:02
EXHTG-1736656871|HTG|0.1827|2025-01-12 04:41:11
EXHTG-1736682095|HTG|0.3444|2025-01-12 11:41:35
EXHTG-1736685127|HTG|0.2399|2025-01-12 12:32:07
EXFJD-1736674021|FJD|0.9381|2025-01-12 09:27:01
EXBAM-1736558050|BAM|0.1798|2025-01-11 01:14:10
EXBAM-1736659614|BAM|0.7045|2025-01-12 05:26:54
EXBAM-1736664508|BAM|0.1007|2025-01-12 06:48:28
EXBOB-1736318247|BOB|0.506|2025-01-08 06:37:27
EXBOB-1736461549|BOB|0.7807|2025-01-09 22:25:49
EXBOB-1736586684|BOB|0.6809|2025-01-11 09:11:24
EXIMP-1735922426|IMP|1.076|2025-01-03 16:40:26
EXIMP-1736470519|IMP|0.4243|2025-01-10 00:55:19
EXSDG-1736588193|SDG|0.8119|2025-01-11 09:36:33
EXAFN-1736101227|AFN|1.1446|2025-01-05 18:20:27
EXBTN-1736095648|BTN|0.638|2025-01-05 16:47:28
EXBTN-1736559196|BTN|1.1421|2025-01-11 01:33:16
EXBTN-1736633920|BTN|0.911|2025-01-11 22:18:40
EXBTN-1736645684|BTN|0.5659|2025-01-12 01:34:44
EXBTN-1736690581|BTN|0.5657|2025-01-12 14:03:01
EXBTN-1736690962|BTN|0.556|2025-01-12 14:09:22
EXBTN-1736695027|BTN|0.7389|2025-01-12 15:17:07
EXBTN-1736695055|BTN|0.385|2025-01-12 15:17:35
EXUSD-1736647195|USD|0.8822|2025-01-12 01:59:55
EXUSD-1736669763|USD|0.858|2025-01-12 08:16:03
EXUSD-1736671144|USD|0.0178|2025-01-12 08:39:04
EXUSD-1736677617|USD|1.0443|2025-01-12 10:26:57
EXUSD-1736685222|USD|0.2963|2025-01-12 12:33:42
EXUSD-1736691677|USD|1.0346|2025-01-12 14:21:17
EXUSD-1736692587|USD|0.2125|2025-01-12 14:36:27
EXUSD-1736693588|USD|0.2333|2025-01-12 14:53:08
EXTWD-1736317344|TWD|0.7195|2025-01-08 06:22:24
EXTWD-1736395816|TWD|0.5871|2025-01-09 04:10:16
EXTWD-1736461187|TWD|0.5563|2025-01-09 22:19:47
EXTWD-1736492641|TWD|0.3422|2025-01-10 07:04:01
EXVEF-1735954821|VEF|0.1756|2025-01-04 01:40:21
EXVEF-1736319942|VEF|0.6569|2025-01-08 07:05:42
EXVEF-1736339818|VEF|0.08|2025-01-08 12:36:58
EXVEF-1736402720|VEF|0.5351|2025-01-09 06:05:20
EXGMD-1735982538|GMD|0.0818|2025-01-04 09:22:18
EXGMD-1736008928|GMD|1.0764|2025-01-04 16:42:08
EXUAH-1736212620|UAH|0.1473|2025-01-07 01:17:00
EXUAH-1736680651|UAH|0.1085|2025-01-12 11:17:31
EXUAH-1736688836|UAH|0.9828|2025-01-12 13:33:56
EXUAH-1736692016|UAH|0.2366|2025-01-12 14:26:56
EXUAH-1736693738|UAH|0.9355|2025-01-12 14:55:38
EXUAH-1736695553|UAH|0.3165|2025-01-12 15:25:53
EXAED-1735715196|AED|0.8174|2025-01-01 07:06:36
EXAED-1736418367|AED|0.3382|2025-01-09 10:26:07
EXAED-1736513429|AED|0.7635|2025-01-10 12:50:29
EXRSD-1736114915|RSD|1.162|2025-01-05 22:08:35
EXRSD-1736404369|RSD|0.8697|2025-01-09 06:32:49
EXRSD-1736458323|RSD|0.9375|2025-01-09 21:32:03
EXRSD-1736535736|RSD|0.2211|2025-01-10 19:02:16
EXRSD-1736679664|RSD|0.4073|2025-01-12 11:01:04
EXRSD-1736687538|RSD|0.1951|2025-01-12 13:12:18
EXMUR-1736041162|MUR|0.869|2025-01-05 01:39:22
EXMUR-1736649861|MUR|0.9351|2025-01-12 02:44:21
EXMUR-1736693838|MUR|0.8719|2025-01-12 14:57:18
EXMUR-1736694886|MUR|0.5587|2025-01-12 15:14:46
EXBMD-1735855613|BMD|0.6639|2025-01-02 22:06:53
EXBMD-1735982441|BMD|0.5769|2025-01-04 09:20:41
EXHKD-1736510757|HKD|0.6914|2025-01-10 12:05:57
EXHKD-1736628290|HKD|0.0141|2025-01-11 20:44:50
EXHKD-1736657484|HKD|0.3865|2025-01-12 04:51:24
EXHKD-1736664769|HKD|0.721|2025-01-12 06:52:49
EXHKD-1736693965|HKD|0.0369|2025-01-12 14:59:25
EXHKD-1736695001|HKD|0.0328|2025-01-12 15:16:41
EXHKD-1736695733|HKD|0.6692|2025-01-12 15:28:53
EXHKD-1736695758|HKD|1.0546|2025-01-12 15:29:18
EXCVE-1736126552|CVE|0.0662|2025-01-06 01:22:32
EXCVE-1736574858|CVE|0.6232|2025-01-11 05:54:18
EXCVE-1736589095|CVE|0.7401|2025-01-11 09:51:35
EXCVE-1736619654|CVE|1.1411|2025-01-11 18:20:54
EXCVE-1736655480|CVE|0.7296|2025-01-12 04:18:00
EXCVE-1736672656|CVE|0.4352|2025-01-12 09:04:16
EXCVE-1736680351|CVE|0.5776|2025-01-12 11:12:31
EXCVE-1736695276|CVE|0.0567|2025-01-12 15:21:16
EXSHP-1735830232|SHP|1.1306|2025-01-02 15:03:52
EXSHP-1736024157|SHP|0.8584|2025-01-04 20:55:57
EXSHP-1736567942|SHP|0.3057|2025-01-11 03:59:02
EXSHP-1736668449|SHP|1.1267|2025-01-12 07:54:09
EXSHP-1736676555|SHP|0.5676|2025-01-12 10:09:15
EXSHP-1736679924|SHP|0.3661|2025-01-12 11:05:24
EXSHP-1736691763|SHP|0.1978|2025-01-12 14:22:43
EXTOP-1736614760|TOP|0.524|2025-01-11 16:59:20
EXTOP-1736631726|TOP|0.5711|2025-01-11 21:42:06
EXTOP-1736649092|TOP|0.3677|2025-01-12 02:31:32
EXTOP-1736686734|TOP|0.5129|2025-01-12 12:58:54
EXTOP-1736689509|TOP|0.3783|2025-01-12 13:45:09
EXTOP-1736694479|TOP|0.8703|2025-01-12 15:07:59
EXTOP-1736695660|TOP|0.5499|2025-01-12 15:27:40
EXXOF-1736473318|XOF|0.2768|2025-01-10 01:41:58
EXXOF-1736644077|XOF|0.1026|2025-01-12 01:07:57
EXXOF-1736678852|XOF|0.7647|2025-01-12 10:47:32
EXXOF-1736689299|XOF|0.9205|2025-01-12 13:41:39
EXXOF-1736689362|XOF|0.6764|2025-01-12 13:42:42
EXTZS-1736677635|TZS|0.701|2025-01-12 10:27:15
EXTZS-1736678306|TZS|1.0083|2025-01-12 10:38:26
EXTZS-1736684531|TZS|0.0454|2025-01-12 12:22:11
EXTZS-1736695219|TZS|0.4683|2025-01-12 15:20:19
EXTZS-1736695657|TZS|0.7934|2025-01-12 15:27:37
EXPYG-1735731536|PYG|1.0733|2025-01-01 11:38:56
EXBIF-1735713323|BIF|0.746|2025-01-01 06:35:23
EXBIF-1735838468|BIF|1.0337|2025-01-02 17:21:08
EXBIF-1735848346|BIF|1.1667|2025-01-02 20:05:46
EXBIF-1736617533|BIF|0.2736|2025-01-11 17:45:33
EXSBD-1736227127|SBD|1.1287|2025-01-07 05:18:47
EXKGS-1735901870|KGS|0.1993|2025-01-03 10:57:50
EXKGS-1736496675|KGS|0.6598|2025-01-10 08:11:15
EXKGS-1736674464|KGS|1.0755|2025-01-12 09:34:24
EXKGS-1736685333|KGS|0.111|2025-01-12 12:35:33
EXKPW-1736269809|KPW|0.835|2025-01-07 17:10:09
EXKPW-1736615484|KPW|0.1812|2025-01-11 17:11:24
EXKPW-1736624334|KPW|0.3761|2025-01-11 19:38:54
EXNZD-1736622464|NZD|1.0969|2025-01-11 19:07:44
EXNZD-1736655311|NZD|0.1478|2025-01-12 04:15:11
EXNZD-1736677584|NZD|0.9639|2025-01-12 10:26:24
EXNZD-1736683088|NZD|0.9713|2025-01-12 11:58:08
EXNZD-1736684468|NZD|0.6151|2025-01-12 12:21:08
EXNZD-1736691057|NZD|0.1544|2025-01-12 14:10:57
EXBBD-1736221334|BBD|0.2782|2025-01-07 03:42:14
EXBBD-1736510686|BBD|0.9167|2025-01-10 12:04:46
EXBBD-1736537280|BBD|0.9422|2025-01-10 19:28:00
EXBBD-1736690279|BBD|0.7672|2025-01-12 13:57:59
EXINR-1736561069|INR|0.7346|2025-01-11 02:04:29
EXINR-1736627729|INR|0.0881|2025-01-11 20:35:29
EXINR-1736662366|INR|0.2652|2025-01-12 06:12:46
EXINR-1736678804|INR|0.3063|2025-01-12 10:46:44
EXINR-1736685642|INR|0.8091|2025-01-12 12:40:42
EXALL-1736409114|ALL|0.0018|2025-01-09 07:51:54
EXALL-1736459556|ALL|0.9504|2025-01-09 21:52:36
EXALL-1736607098|ALL|0.3209|2025-01-11 14:51:38
EXJOD-1736254949|JOD|0.6984|2025-01-07 13:02:29
EXJOD-1736692567|JOD|0.044|2025-01-12 14:36:07
EXJOD-1736695045|JOD|0.3281|2025-01-12 15:17:25
EXJOD-1736695875|JOD|0.2889|2025-01-12 15:31:15
EXJOD-1736695922|JOD|0.6386|2025-01-12 15:32:02
EXTHB-1736349419|THB|1.1413|2025-01-08 15:16:59
EXLAK-1736224225|LAK|0.9655|2025-01-07 04:30:25
EXLAK-1736226510|LAK|0.9973|2025-01-07 05:08:30
EXLAK-1736557181|LAK|1.0018|2025-01-11 00:59:41
EXLAK-1736612000|LAK|0.1846|2025-01-11 16:13:20
EXSVC-1735770696|SVC|0.5291|2025-01-01 22:31:36
EXSVC-1735972372|SVC|0.195|2025-01-04 06:32:52
EXSVC-1736536021|SVC|0.265|2025-01-10 19:07:01
EXSVC-1736597536|SVC|0.3927|2025-01-11 12:12:16
EXSVC-1736600512|SVC|1.0497|2025-01-11 13:01:52
EXSVC-1736665975|SVC|0.333|2025-01-12 07:12:55
EXSVC-1736681223|SVC|0.6565|2025-01-12 11:27:03
EXSVC-1736688046|SVC|0.9701|2025-01-12 13:20:46
EXCRC-1736339740|CRC|0.4267|2025-01-08 12:35:40
EXCRC-1736395853|CRC|0.8216|2025-01-09 04:10:53
EXCRC-1736637549|CRC|0.327|2025-01-11 23:19:09
EXCRC-1736681751|CRC|1.0357|2025-01-12 11:35:51
EXCRC-1736691833|CRC|1.0692|2025-01-12 14:23:53
EXGBP-1736618120|GBP|0.6445|2025-01-11 17:55:20
EXGBP-1736659072|GBP|0.949|2025-01-12 05:17:52
EXGBP-1736684549|GBP|0.8052|2025-01-12 12:22:29
EXGBP-1736692589|GBP|0.5908|2025-01-12 14:36:29
EXGBP-1736694241|GBP|0.7223|2025-01-12 15:04:01
EXGBP-1736694395|GBP|0.9192|2025-01-12 15:06:35
EXGBP-1736694441|GBP|1.1179|2025-01-12 15:07:21
EXSGD-1736356063|SGD|0.5515|2025-01-08 17:07:43
EXSGD-1736363396|SGD|0.7047|2025-01-08 19:09:56
EXSGD-1736560762|SGD|0.2643|2025-01-11 01:59:22
EXSGD-1736577636|SGD|1.0989|2025-01-11 06:40:36
EXSGD-1736612010|SGD|0.4829|2025-01-11 16:13:30
EXSGD-1736659347|SGD|0.9996|2025-01-12 05:22:27
EXSGD-1736681891|SGD|1.1606|2025-01-12 11:38:11
EXTJS-1735835539|TJS|1.0778|2025-01-02 16:32:19
EXTJS-1736125633|TJS|1.0378|2025-01-06 01:07:13
EXMNT-1736077003|MNT|0.9446|2025-01-05 11:36:43
EXMNT-1736538468|MNT|0.1673|2025-01-10 19:47:48
EXCUP-1736271375|CUP|0.6321|2025-01-07 17:36:15
EXCUP-1736467179|CUP|0.712|2025-01-09 23:59:39
EXCUP-1736531702|CUP|0.9285|2025-01-10 17:55:02
EXCUP-1736631322|CUP|0.8066|2025-01-11 21:35:22
EXCUP-1736680339|CUP|0.7138|2025-01-12 11:12:19
EXCUP-1736690700|CUP|0.0233|2025-01-12 14:05:00
EXCUP-1736692301|CUP|0.8054|2025-01-12 14:31:41
EXCUP-1736695896|CUP|0.9127|2025-01-12 15:31:36
EXQAR-1735696732|QAR|0.1271|2025-01-01 01:58:52
EXQAR-1736348751|QAR|0.4489|2025-01-08 15:05:51
EXSTD-1735720106|STD|0.3634|2025-01-01 08:28:26
EXSTD-1736581324|STD|0.105|2025-01-11 07:42:04
EXAZN-1736059789|AZN|0.2079|2025-01-05 06:49:49
EXAZN-1736460381|AZN|0.0543|2025-01-09 22:06:21
EXAZN-1736554044|AZN|0.389|2025-01-11 00:07:24
EXAZN-1736678845|AZN|0.7585|2025-01-12 10:47:25
EXPKR-1735795399|PKR|0.8493|2025-01-02 05:23:19
EXPKR-1736148153|PKR|0.838|2025-01-06 07:22:33
EXPKR-1736664305|PKR|0.4327|2025-01-12 06:45:05
EXPKR-1736664605|PKR|0.6857|2025-01-12 06:50:05
EXPKR-1736683762|PKR|1.0005|2025-01-12 12:09:22
EXPKR-1736683903|PKR|0.9693|2025-01-12 12:11:43
EXPKR-1736694904|PKR|0.2388|2025-01-12 15:15:04
EXPKR-1736695489|PKR|0.5976|2025-01-12 15:24:49
EXBHD-1736393615|BHD|1.1942|2025-01-09 03:33:35
EXGTQ-1735856092|GTQ|0.8493|2025-01-02 22:14:52
EXGTQ-1736570937|GTQ|1.197|2025-01-11 04:48:57
EXGTQ-1736599168|GTQ|0.4157|2025-01-11 12:39:28
EXGTQ-1736664381|GTQ|0.1012|2025-01-12 06:46:21
EXGTQ-1736687517|GTQ|0.5189|2025-01-12 13:11:57
EXUZS-1736414007|UZS|0.6358|2025-01-09 09:13:27
EXUZS-1736550068|UZS|0.9344|2025-01-10 23:01:08
EXUZS-1736607154|UZS|0.642|2025-01-11 14:52:34
EXUZS-1736617025|UZS|0.7127|2025-01-11 17:37:05
EXUZS-1736656207|UZS|0.4253|2025-01-12 04:30:07
EXEUR-1736383808|EUR|0.4094|2025-01-09 00:50:08
EXEUR-1736624445|EUR|0.6089|2025-01-11 19:40:45
EXEUR-1736662683|EUR|0.825|2025-01-12 06:18:03
EXTVD-1735831388|TVD|1.1927|2025-01-02 15:23:08
EXTVD-1736367784|TVD|0.7158|2025-01-08 20:23:04
EXXPF-1736148259|XPF|0.4517|2025-01-06 07:24:19
EXXPF-1736411025|XPF|1.189|2025-01-09 08:23:45
EXXPF-1736503500|XPF|0.2323|2025-01-10 10:05:00
EXXPF-1736566060|XPF|0.4093|2025-01-11 03:27:40
EXXPF-1736592170|XPF|0.189|2025-01-11 10:42:50
EXXPF-1736685387|XPF|0.7228|2025-01-12 12:36:27
EXKMF-1736659291|KMF|0.2783|2025-01-12 05:21:31
EXKMF-1736695054|KMF|0.311|2025-01-12 15:17:34
EXSOS-1736332377|SOS|0.0732|2025-01-08 10:32:57
EXSOS-1736431717|SOS|1.1698|2025-01-09 14:08:37
EXARS-1736456948|ARS|0.9878|2025-01-09 21:09:08
EXARS-1736621379|ARS|0.8971|2025-01-11 18:49:39
EXARS-1736636479|ARS|0.3566|2025-01-11 23:01:19
EXPGK-1735873519|PGK|0.116|2025-01-03 03:05:19
EXJEP-1736435094|JEP|1.0649|2025-01-09 15:04:54
EXMZN-1736304638|MZN|0.333|2025-01-08 02:50:38
EXMZN-1736616573|MZN|0.6413|2025-01-11 17:29:33
EXMZN-1736654809|MZN|0.0377|2025-01-12 04:06:49
EXMZN-1736659302|MZN|0.454|2025-01-12 05:21:42
EXMZN-1736665809|MZN|0.5435|2025-01-12 07:10:09
EXMWK-1736644346|MWK|0.9185|2025-01-12 01:12:26
EXMWK-1736665248|MWK|0.2005|2025-01-12 07:00:48
EXMWK-1736689976|MWK|0.2615|2025-01-12 13:52:56
EXMWK-1736695150|MWK|0.9079|2025-01-12 15:19:10
EXPLN-1736417968|PLN|0.2764|2025-01-09 10:19:28
EXPLN-1736439134|PLN|0.4659|2025-01-09 16:12:14
EXPLN-1736484531|PLN|1.0998|2025-01-10 04:48:51
EXPLN-1736616824|PLN|0.9288|2025-01-11 17:33:44
EXPLN-1736680137|PLN|0.4485|2025-01-12 11:08:57
EXAUD-1736092458|AUD|1.1663|2025-01-05 15:54:18
EXAUD-1736639404|AUD|1.1361|2025-01-11 23:50:04
EXAUD-1736659054|AUD|0.196|2025-01-12 05:17:34
EXAUD-1736673611|AUD|0.2468|2025-01-12 09:20:11
EXAUD-1736677726|AUD|1.1216|2025-01-12 10:28:46
EXAUD-1736678798|AUD|0.4337|2025-01-12 10:46:38
EXAUD-1736683940|AUD|0.5317|2025-01-12 12:12:20
EXGGP-1736288358|GGP|0.5771|2025-01-07 22:19:18
EXGGP-1736327928|GGP|0.7801|2025-01-08 09:18:48
EXGGP-1736629293|GGP|1.0863|2025-01-11 21:01:33
EXBSD-1736202128|BSD|0.2098|2025-01-06 22:22:08
EXBSD-1736249769|BSD|1.1375|2025-01-07 11:36:09
EXBSD-1736266309|BSD|1.1776|2025-01-07 16:11:49
EXBSD-1736511765|BSD|0.4379|2025-01-10 12:22:45
EXMGA-1736514228|MGA|0.923|2025-01-10 13:03:48
EXMGA-1736536047|MGA|0.6751|2025-01-10 19:07:27
EXMGA-1736648010|MGA|0.9985|2025-01-12 02:13:30
EXMGA-1736656559|MGA|0.5416|2025-01-12 04:35:59
EXMGA-1736681998|MGA|0.0421|2025-01-12 11:39:58
EXMGA-1736688705|MGA|0.5727|2025-01-12 13:31:45
EXMGA-1736689919|MGA|0.132|2025-01-12 13:51:59
EXLYD-1736143492|LYD|1.0693|2025-01-06 06:04:52
EXLYD-1736353418|LYD|0.2733|2025-01-08 16:23:38
EXLYD-1736466236|LYD|0.6734|2025-01-09 23:43:56
EXLYD-1736613035|LYD|1.0102|2025-01-11 16:30:35
EXLYD-1736613723|LYD|0.7704|2025-01-11 16:42:03
EXLYD-1736686065|LYD|0.0117|2025-01-12 12:47:45
EXLYD-1736690885|LYD|0.3921|2025-01-12 14:08:05
EXANG-1736421303|ANG|0.0502|2025-01-09 11:15:03
EXANG-1736619697|ANG|1.1344|2025-01-11 18:21:37
EXANG-1736686204|ANG|0.7664|2025-01-12 12:50:04
EXANG-1736691609|ANG|0.5614|2025-01-12 14:20:09
EXANG-1736691734|ANG|1.189|2025-01-12 14:22:14
EXANG-1736695401|ANG|0.2652|2025-01-12 15:23:21
EXANG-1736695403|ANG|1.0839|2025-01-12 15:23:23
EXTMT-1735962680|TMT|0.2063|2025-01-04 03:51:20
EXTMT-1736286844|TMT|0.1531|2025-01-07 21:54:04
EXTMT-1736522704|TMT|0.6648|2025-01-10 15:25:04
EXTMT-1736635001|TMT|0.9764|2025-01-11 22:36:41
EXTMT-1736644180|TMT|0.7021|2025-01-12 01:09:40
EXKHR-1735730015|KHR|1.0225|2025-01-01 11:13:35
EXKHR-1736188555|KHR|0.3765|2025-01-06 18:35:55
EXKHR-1736191456|KHR|0.7229|2025-01-06 19:24:16
EXKHR-1736339922|KHR|1.1335|2025-01-08 12:38:42
EXKHR-1736437018|KHR|0.7724|2025-01-09 15:36:58
EXKHR-1736506256|KHR|0.5051|2025-01-10 10:50:56
EXKHR-1736664021|KHR|0.6292|2025-01-12 06:40:21
EXNIO-1735860557|NIO|0.7782|2025-01-02 23:29:17
EXNIO-1736162059|NIO|0.1146|2025-01-06 11:14:19
EXNIO-1736200690|NIO|0.949|2025-01-06 21:58:10
EXNIO-1736616715|NIO|0.2297|2025-01-11 17:31:55
EXNIO-1736679210|NIO|0.5027|2025-01-12 10:53:30
EXNIO-1736683505|NIO|0.7463|2025-01-12 12:05:05
EXLSL-1736273582|LSL|1.0572|2025-01-07 18:13:02
EXMOP-1736316455|MOP|0.0131|2025-01-08 06:07:35
EXMOP-1736606759|MOP|1.1209|2025-01-11 14:45:59
EXMOP-1736666619|MOP|0.9913|2025-01-12 07:23:39
EXMOP-1736671395|MOP|0.7328|2025-01-12 08:43:15
EXMOP-1736687247|MOP|0.4968|2025-01-12 13:07:27
EXLTL-1735756538|LTL|1.1035|2025-01-01 18:35:38
EXLTL-1736554291|LTL|0.0555|2025-01-11 00:11:31
EXLTL-1736688750|LTL|0.7865|2025-01-12 13:32:30
EXLTL-1736690070|LTL|0.1597|2025-01-12 13:54:30
EXLTL-1736695697|LTL|0.5126|2025-01-12 15:28:17
EXLTL-1736695887|LTL|0.8818|2025-01-12 15:31:27
EXLTL-1736695935|LTL|0.9252|2025-01-12 15:32:15
EXLTL-1736695941|LTL|0.0006|2025-01-12 15:32:21
EXILS-1736058364|ILS|0.1892|2025-01-05 06:26:04
EXILS-1736406057|ILS|0.4171|2025-01-09 07:00:57
EXILS-1736692349|ILS|0.0408|2025-01-12 14:32:29
EXCLP-1736274066|CLP|0.4605|2025-01-07 18:21:06
EXCLP-1736290584|CLP|0.3277|2025-01-07 22:56:24
EXCLP-1736466047|CLP|0.1661|2025-01-09 23:40:47
EXCLP-1736577198|CLP|1.0723|2025-01-11 06:33:18
EXCLP-1736646008|CLP|0.7778|2025-01-12 01:40:08
EXHNL-1735691033|HNL|0.0134|2025-01-01 00:23:53
EXHNL-1736493853|HNL|0.002|2025-01-10 07:24:13
EXHNL-1736663222|HNL|0.8713|2025-01-12 06:27:02
EXHNL-1736687000|HNL|0.5434|2025-01-12 13:03:20
EXHNL-1736688582|HNL|0.4449|2025-01-12 13:29:42
EXHNL-1736693312|HNL|1.1625|2025-01-12 14:48:32
EXHNL-1736695924|HNL|0.9444|2025-01-12 15:32:04
EXBND-1736248591|BND|0.6283|2025-01-07 11:16:31
EXBND-1736437005|BND|0.1566|2025-01-09 15:36:45
EXBND-1736497985|BND|1.1935|2025-01-10 08:33:05
EXBND-1736627597|BND|0.1917|2025-01-11 20:33:17
EXBND-1736640394|BND|0.9339|2025-01-12 00:06:34
EXEGP-1736660231|EGP|0.0488|2025-01-12 05:37:11
EXEGP-1736665771|EGP|0.7145|2025-01-12 07:09:31
EXEGP-1736679008|EGP|0.9428|2025-01-12 10:50:08
EXEGP-1736680882|EGP|0.2618|2025-01-12 11:21:22
EXEGP-1736689724|EGP|0.9575|2025-01-12 13:48:44
EXEGP-1736690699|EGP|1.0108|2025-01-12 14:04:59
EXNOK-1736434230|NOK|0.3913|2025-01-09 14:50:30
EXNOK-1736612945|NOK|0.4328|2025-01-11 16:29:05
EXLKR-1735752929|LKR|0.2027|2025-01-01 17:35:29
EXLKR-1735911095|LKR|0.211|2025-01-03 13:31:35
EXRON-1736057850|RON|1.1772|2025-01-05 06:17:30
EXRON-1736549186|RON|0.2308|2025-01-10 22:46:26
EXKES-1736478893|KES|0.7886|2025-01-10 03:14:53
EXKES-1736483342|KES|0.9056|2025-01-10 04:29:02
EXBYR-1736130892|BYR|0.2813|2025-01-06 02:34:52
EXBYR-1736475264|BYR|0.6646|2025-01-10 02:14:24
EXBYR-1736585867|BYR|0.9954|2025-01-11 08:57:47
EXBYR-1736672697|BYR|1.1663|2025-01-12 09:04:57
EXBYR-1736692406|BYR|1.05|2025-01-12 14:33:26
EXNGN-1736387158|NGN|0.2983|2025-01-09 01:45:58
EXNGN-1736645757|NGN|0.0241|2025-01-12 01:35:57
EXNGN-1736655415|NGN|0.9716|2025-01-12 04:16:55
EXNGN-1736674862|NGN|0.2882|2025-01-12 09:41:02
EXNGN-1736676494|NGN|0.5693|2025-01-12 10:08:14
EXOMR-1736293348|OMR|0.4538|2025-01-07 23:42:28
EXOMR-1736416023|OMR|0.9478|2025-01-09 09:47:03
EXGNF-1735798474|GNF|1.06|2025-01-02 06:14:34
EXGNF-1735963386|GNF|0.7929|2025-01-04 04:03:06
EXGNF-1736098443|GNF|0.8762|2025-01-05 17:34:03
EXFKP-1736214007|FKP|0.812|2025-01-07 01:40:07
EXFKP-1736514294|FKP|1.0256|2025-01-10 13:04:54
EXSCR-1735838059|SCR|0.1053|2025-01-02 17:14:19
EXSCR-1736057286|SCR|0.2913|2025-01-05 06:08:06
EXSCR-1736093036|SCR|0.3852|2025-01-05 16:03:56
EXSCR-1736648380|SCR|0.5055|2025-01-12 02:19:40
EXPHP-1735976268|PHP|0.9582|2025-01-04 07:37:48
EXPHP-1736070760|PHP|0.9239|2025-01-05 09:52:40
EXMRO-1735942879|MRO|0.9278|2025-01-03 22:21:19
EXMRO-1736293896|MRO|0.1676|2025-01-07 23:51:36
EXMRO-1736578900|MRO|0.8562|2025-01-11 07:01:40
EXKYD-1736418344|KYD|0.0749|2025-01-09 10:25:44
EXKYD-1736478779|KYD|0.8771|2025-01-10 03:12:59
EXKYD-1736646788|KYD|0.716|2025-01-12 01:53:08
EXUYU-1736485768|UYU|0.5178|2025-01-10 05:09:28
EXUYU-1736594062|UYU|0.9171|2025-01-11 11:14:22
EXUYU-1736635333|UYU|0.2195|2025-01-11 22:42:13
EXYER-1736009833|YER|1.1862|2025-01-04 16:57:13
EXYER-1736203373|YER|1.1842|2025-01-06 22:42:53
EXYER-1736655631|YER|0.5149|2025-01-12 04:20:31
EXYER-1736681386|YER|0.6489|2025-01-12 11:29:46
EXYER-1736692454|YER|0.9621|2025-01-12 14:34:14
EXYER-1736695790|YER|0.8616|2025-01-12 15:29:50
EXYER-1736695923|YER|0.1115|2025-01-12 15:32:03
EXTRY-1735943876|TRY|0.6244|2025-01-03 22:37:56
EXTRY-1736382614|TRY|0.9311|2025-01-09 00:30:14
EXTRY-1736648526|TRY|1.1347|2025-01-12 02:22:06
EXTRY-1736660519|TRY|0.7037|2025-01-12 05:41:59
EXTRY-1736669332|TRY|0.0366|2025-01-12 08:08:52
EXTRY-1736679277|TRY|0.7469|2025-01-12 10:54:37
EXMAD-1735694752|MAD|0.1893|2025-01-01 01:25:52
EXMAD-1736579261|MAD|0.3575|2025-01-11 07:07:41
EXMAD-1736586309|MAD|0.2614|2025-01-11 09:05:09
EXMAD-1736612389|MAD|1.0596|2025-01-11 16:19:49
EXMAD-1736691239|MAD|0.7926|2025-01-12 14:13:59
EXMAD-1736695741|MAD|0.6381|2025-01-12 15:29:01
EXMXN-1735836321|MXN|0.0972|2025-01-02 16:45:21
EXMXN-1736603087|MXN|0.1929|2025-01-11 13:44:47
EXMXN-1736643345|MXN|0.9891|2025-01-12 00:55:45
EXMXN-1736663466|MXN|0.0675|2025-01-12 06:31:06
EXMXN-1736688178|MXN|0.1422|2025-01-12 13:22:58
EXMXN-1736691803|MXN|0.1147|2025-01-12 14:23:23
EXKWD-1736222657|KWD|0.1945|2025-01-07 04:04:17
EXKWD-1736295614|KWD|0.8827|2025-01-08 00:20:14
EXDJF-1735714687|DJF|0.347|2025-01-01 06:58:07
EXDJF-1736261855|DJF|0.4056|2025-01-07 14:57:35
EXDJF-1736465645|DJF|0.2023|2025-01-09 23:34:05
EXDJF-1736677477|DJF|0.0034|2025-01-12 10:24:37
EXDJF-1736690513|DJF|0.0077|2025-01-12 14:01:53
EXDJF-1736695898|DJF|0.7436|2025-01-12 15:31:38
EXDJF-1736695909|DJF|0.3236|2025-01-12 15:31:49
EXSPL-1736199883|SPL|1.0551|2025-01-06 21:44:43
EXSPL-1736410352|SPL|1.097|2025-01-09 08:12:32
EXSPL-1736594054|SPL|0.3848|2025-01-11 11:14:14
EXSPL-1736667969|SPL|0.7148|2025-01-12 07:46:09
EXSPL-1736670996|SPL|0.1264|2025-01-12 08:36:36
EXSPL-1736685598|SPL|0.767|2025-01-12 12:39:58
EXSPL-1736694951|SPL|0.2556|2025-01-12 15:15:51
EXGEL-1736367426|GEL|0.8812|2025-01-08 20:17:06
EXGEL-1736428927|GEL|0.4411|2025-01-09 13:22:07
EXGEL-1736623506|GEL|0.0983|2025-01-11 19:25:06
EXGEL-1736690627|GEL|0.0671|2025-01-12 14:03:47
EXGEL-1736692969|GEL|0.9483|2025-01-12 14:42:49
EXAMD-1735811152|AMD|0.9858|2025-01-02 09:45:52
EXCOP-1736190468|COP|0.502|2025-01-06 19:07:48
EXCOP-1736632776|COP|0.9465|2025-01-11 21:59:36
EXCOP-1736692530|COP|0.2078|2025-01-12 14:35:30
EXCOP-1736692543|COP|0.5795|2025-01-12 14:35:43
EXGHS-1736325469|GHS|0.6449|2025-01-08 08:37:49
EXGHS-1736327047|GHS|0.3624|2025-01-08 09:04:07
EXKZT-1736035747|KZT|0.8991|2025-01-05 00:09:07
EXKZT-1736413366|KZT|0.6114|2025-01-09 09:02:46
EXKZT-1736688469|KZT|0.7721|2025-01-12 13:27:49
EXKZT-1736691333|KZT|0.4901|2025-01-12 14:15:33
EXNPR-1736672403|NPR|1.1634|2025-01-12 09:00:03
EXNPR-1736684078|NPR|0.3187|2025-01-12 12:14:38
EXNPR-1736692796|NPR|0.1997|2025-01-12 14:39:56
EXNPR-1736695861|NPR|0.5021|2025-01-12 15:31:01
EXBZD-1736332910|BZD|0.3165|2025-01-08 10:41:50
EXMYR-1736180296|MYR|0.0955|2025-01-06 16:18:16
EXMYR-1736353114|MYR|0.9474|2025-01-08 16:18:34
EXMYR-1736612611|MYR|0.9463|2025-01-11 16:23:31
EXMYR-1736642379|MYR|0.5397|2025-01-12 00:39:39
EXMYR-1736643285|MYR|0.3186|2025-01-12 00:54:45
EXMYR-1736673824|MYR|0.5365|2025-01-12 09:23:44
EXMYR-1736686168|MYR|0.4772|2025-01-12 12:49:28
EXSLL-1735701887|SLL|1.1224|2025-01-01 03:24:47
EXSLL-1736577981|SLL|1.1744|2025-01-11 06:46:21
EXSLL-1736621273|SLL|0.6015|2025-01-11 18:47:53
EXSLL-1736640663|SLL|0.8226|2025-01-12 00:11:03
EXSLL-1736673552|SLL|0.832|2025-01-12 09:19:12
EXSLL-1736692777|SLL|0.3668|2025-01-12 14:39:37
EXSLL-1736695845|SLL|0.4885|2025-01-12 15:30:45
EXHUF-1736111101|HUF|0.1701|2025-01-05 21:05:01
EXHUF-1736542976|HUF|0.4905|2025-01-10 21:02:56
EXHUF-1736681466|HUF|0.066|2025-01-12 11:31:06
EXHUF-1736685883|HUF|0.0312|2025-01-12 12:44:43
EXHUF-1736694412|HUF|0.9326|2025-01-12 15:06:52
EXHUF-1736695542|HUF|0.628|2025-01-12 15:25:42
EXHUF-1736695849|HUF|0.457|2025-01-12 15:30:49
EXXCD-1735707329|XCD|0.446|2025-01-01 04:55:29
EXXCD-1736469661|XCD|0.8754|2025-01-10 00:41:01
EXXCD-1736544227|XCD|0.0602|2025-01-10 21:23:47
EXRWF-1735694138|RWF|0.9375|2025-01-01 01:15:38
EXRWF-1736542619|RWF|0.0111|2025-01-10 20:56:59
EXRWF-1736665864|RWF|0.0003|2025-01-12 07:11:04
EXRWF-1736682888|RWF|0.8519|2025-01-12 11:54:48
EXRWF-1736694573|RWF|0.4458|2025-01-12 15:09:33
EXRWF-1736694944|RWF|0.5401|2025-01-12 15:15:44
EXRWF-1736695696|RWF|0.8394|2025-01-12 15:28:16
EXCAD-1736146112|CAD|0.8482|2025-01-06 06:48:32
EXCAD-1736564656|CAD|0.4631|2025-01-11 03:04:16
EXCAD-1736624107|CAD|1.1025|2025-01-11 19:35:07
EXCAD-1736682760|CAD|0.2287|2025-01-12 11:52:40
EXCAD-1736695591|CAD|0.8522|2025-01-12 15:26:31
EXCAD-1736695677|CAD|0.1772|2025-01-12 15:27:57
EXCAD-1736695874|CAD|0.4806|2025-01-12 15:31:14
EXMKD-1736600350|MKD|0.129|2025-01-11 12:59:10
EXMKD-1736680013|MKD|0.6846|2025-01-12 11:06:53
EXMKD-1736693801|MKD|0.0826|2025-01-12 14:56:41
EXMKD-1736694282|MKD|0.2079|2025-01-12 15:04:42
EXWST-1736164497|WST|0.9318|2025-01-06 11:54:57
EXWST-1736166575|WST|0.8023|2025-01-06 12:29:35
EXWST-1736400588|WST|0.6033|2025-01-09 05:29:48
EXWST-1736589466|WST|0.1607|2025-01-11 09:57:46
EXETB-1736092302|ETB|0.4436|2025-01-05 15:51:42
EXRUB-1736499676|RUB|0.7717|2025-01-10 09:01:16
EXRUB-1736517143|RUB|0.0474|2025-01-10 13:52:23
EXRUB-1736620623|RUB|0.9737|2025-01-11 18:37:03
EXRUB-1736651384|RUB|0.8008|2025-01-12 03:09:44
EXRUB-1736687873|RUB|0.5498|2025-01-12 13:17:53
EXSRD-1736596138|SRD|0.9053|2025-01-11 11:48:58
EXSRD-1736638054|SRD|0.4243|2025-01-11 23:27:34
EXSRD-1736690640|SRD|0.0386|2025-01-12 14:04:00
EXJMD-1735696969|JMD|0.4626|2025-01-01 02:02:49
EXJMD-1735794644|JMD|0.4977|2025-01-02 05:10:44
EXJMD-1736413055|JMD|0.172|2025-01-09 08:57:35
EXJMD-1736465874|JMD|0.0581|2025-01-09 23:37:54
EXVUV-1736051178|VUV|0.9718|2025-01-05 04:26:18
EXVUV-1736138136|VUV|0.5715|2025-01-06 04:35:36
EXVUV-1736628876|VUV|1.1377|2025-01-11 20:54:36
EXVUV-1736663621|VUV|0.8046|2025-01-12 06:33:41
EXVUV-1736667143|VUV|0.5489|2025-01-12 07:32:23
EXVUV-1736676787|VUV|0.8078|2025-01-12 10:13:07
EXVUV-1736688591|VUV|0.7782|2025-01-12 13:29:51
EXIQD-1735835366|IQD|0.5669|2025-01-02 16:29:26
EXGYD-1736119813|GYD|1.0828|2025-01-05 23:30:13
EXGYD-1736383591|GYD|0.0015|2025-01-09 00:46:31
EXGYD-1736448620|GYD|0.2225|2025-01-09 18:50:20
EXGYD-1736575432|GYD|0.5699|2025-01-11 06:03:52
EXGYD-1736689785|GYD|0.4247|2025-01-12 13:49:45
EXGYD-1736689898|GYD|0.2456|2025-01-12 13:51:38
EXCNY-1735929465|CNY|0.8414|2025-01-03 18:37:45
EXBWP-1735915705|BWP|0.8665|2025-01-03 14:48:25
EXBWP-1736592238|BWP|0.949|2025-01-11 10:43:58
EXBWP-1736638202|BWP|0.1675|2025-01-11 23:30:02
EXBWP-1736695366|BWP|0.698|2025-01-12 15:22:46
EXBWP-1736695540|BWP|0.9927|2025-01-12 15:25:40
EXBWP-1736695681|BWP|0.4301|2025-01-12 15:28:01
EXPAB-1736113896|PAB|1.0092|2025-01-05 21:51:36
EXPAB-1736250155|PAB|0.5206|2025-01-07 11:42:35
EXPAB-1736558329|PAB|0.0179|2025-01-11 01:18:49
EXPAB-1736606759|PAB|0.8201|2025-01-11 14:45:59
EXPAB-1736673933|PAB|0.3252|2025-01-12 09:25:33
EXPAB-1736677341|PAB|0.2741|2025-01-12 10:22:21
EXDKK-1736432159|DKK|0.6397|2025-01-09 14:15:59
EXDKK-1736551236|DKK|0.7244|2025-01-10 23:20:36
EXDKK-1736648301|DKK|0.4667|2025-01-12 02:18:21
EXDKK-1736667751|DKK|0.3369|2025-01-12 07:42:31
EXDKK-1736668827|DKK|0.282|2025-01-12 08:00:27
EXDKK-1736685126|DKK|0.198|2025-01-12 12:32:06
EXSEK-1736321499|SEK|1.1692|2025-01-08 07:31:39
EXSEK-1736598540|SEK|0.749|2025-01-11 12:29:00
EXSEK-1736693277|SEK|0.8624|2025-01-12 14:47:57
EXSEK-1736695494|SEK|1.1263|2025-01-12 15:24:54
EXSEK-1736695690|SEK|0.1695|2025-01-12 15:28:10
EXSEK-1736695861|SEK|0.4778|2025-01-12 15:31:01
EXSEK-1736695880|SEK|0.8239|2025-01-12 15:31:20
EXCHF-1735726690|CHF|1.0395|2025-01-01 10:18:10
EXCHF-1735949680|CHF|0.6887|2025-01-04 00:14:40
EXCHF-1736220977|CHF|0.2299|2025-01-07 03:36:17
EXCHF-1736252973|CHF|0.808|2025-01-07 12:29:33
EXSAR-1736238802|SAR|0.9016|2025-01-07 08:33:22
EXSAR-1736514068|SAR|0.4827|2025-01-10 13:01:08
EXSAR-1736568722|SAR|0.5452|2025-01-11 04:12:02
EXSAR-1736666934|SAR|0.6415|2025-01-12 07:28:54
EXVND-1736075232|VND|0.7449|2025-01-05 11:07:12
EXVND-1736246542|VND|0.6191|2025-01-07 10:42:22
EXNIS-1736238289|NIS|0.2566|2025-01-07 08:24:49
EXBDT-1736206917|BDT|0.638|2025-01-06 23:41:57
EXBDT-1736535075|BDT|0.9964|2025-01-10 18:51:15
EXBDT-1736655397|BDT|0.6309|2025-01-12 04:16:37
EXBDT-1736695505|BDT|0.3651|2025-01-12 15:25:05
EXTTD-1736464378|TTD|0.8749|2025-01-09 23:12:58
EXTTD-1736659339|TTD|1.1359|2025-01-12 05:22:19
EXTTD-1736668586|TTD|0.3045|2025-01-12 07:56:26
EXTTD-1736694356|TTD|0.9175|2025-01-12 15:05:56
EXTTD-1736695405|TTD|1.0395|2025-01-12 15:23:25
EXTTD-1736695771|TTD|0.2506|2025-01-12 15:29:31
EXTTD-1736695827|TTD|1.1075|2025-01-12 15:30:27
EXMMK-1736009627|MMK|1.1846|2025-01-04 16:53:47
EXMMK-1736667552|MMK|0.5902|2025-01-12 07:39:12
EXCZK-1736582731|CZK|0.8458|2025-01-11 08:05:31
EXCZK-1736664021|CZK|0.9252|2025-01-12 06:40:21
EXUGX-1735768178|UGX|1.0301|2025-01-01 21:49:38
EXUGX-1735985634|UGX|0.0895|2025-01-04 10:13:54
EXUGX-1736500008|UGX|0.8886|2025-01-10 09:06:48
EXUGX-1736519269|UGX|0.1744|2025-01-10 14:27:49
EXUGX-1736580804|UGX|0.7663|2025-01-11 07:33:24
EXUGX-1736633650|UGX|0.4888|2025-01-11 22:14:10
EXUGX-1736687450|UGX|0.4141|2025-01-12 13:10:50
EXLRD-1736259194|LRD|1.1341|2025-01-07 14:13:14
EXLRD-1736531712|LRD|0.6849|2025-01-10 17:55:12
EXLRD-1736544834|LRD|0.0618|2025-01-10 21:33:54
EXJPY-1735761501|JPY|1.1029|2025-01-01 19:58:21
EXJPY-1736586864|JPY|0.726|2025-01-11 09:14:24
EXJPY-1736601614|JPY|0.9417|2025-01-11 13:20:14
EXJPY-1736671707|JPY|0.1758|2025-01-12 08:48:27
EXIRR-1736140333|IRR|0.8582|2025-01-06 05:12:13
EXIRR-1736389229|IRR|0.0646|2025-01-09 02:20:29
EXBGN-1736576791|BGN|0.0193|2025-01-11 06:26:31
EXBGN-1736674676|BGN|0.5311|2025-01-12 09:37:56
EXBGN-1736681270|BGN|0.2587|2025-01-12 11:27:50
EXBRL-1736137547|BRL|0.6703|2025-01-06 04:25:47
EXBRL-1736561726|BRL|1.1705|2025-01-11 02:15:26
EXBRL-1736678927|BRL|0.093|2025-01-12 10:48:47
EXZMW-1735938607|ZMW|1.1625|2025-01-03 21:10:07
EXZMW-1736639149|ZMW|0.1246|2025-01-11 23:45:49
EXZMW-1736642201|ZMW|0.6191|2025-01-12 00:36:41
EXZMW-1736670504|ZMW|1.0879|2025-01-12 08:28:24
EXZMW-1736688219|ZMW|0.3362|2025-01-12 13:23:39
EXZMW-1736692386|ZMW|0.7712|2025-01-12 14:33:06
EXZAR-1735933817|ZAR|0.9254|2025-01-03 19:50:17
EXZAR-1736413213|ZAR|1.129|2025-01-09 09:00:13
EXZAR-1736670441|ZAR|0.8224|2025-01-12 08:27:21
EXZAR-1736682729|ZAR|1.1774|2025-01-12 11:52:09
EXNAD-1735786063|NAD|0.152|2025-01-02 02:47:43
EXNAD-1736136791|NAD|0.6681|2025-01-06 04:13:11
EXNAD-1736693878|NAD|1.1246|2025-01-12 14:57:58
EXNAD-1736694525|NAD|0.7798|2025-01-12 15:08:45
EXXDR-1735995771|XDR|0.1072|2025-01-04 13:02:51
EXXDR-1736533925|XDR|1.006|2025-01-10 18:32:05
EXHRK-1736580491|HRK|0.3517|2025-01-11 07:28:11
EXHRK-1736668595|HRK|0.8238|2025-01-12 07:56:35
EXHRK-1736677347|HRK|0.0197|2025-01-12 10:22:27
EXHRK-1736691640|HRK|0.7471|2025-01-12 14:20:40
EXHRK-1736694832|HRK|0.1844|2025-01-12 15:13:52
EXHRK-1736695760|HRK|0.942|2025-01-12 15:29:20
EXHRK-1736695902|HRK|1.1325|2025-01-12 15:31:42
EXHRK-1736695925|HRK|0.1702|2025-01-12 15:32:05
EXIDR-1736209592|IDR|0.516|2025-01-07 00:26:32
EXIDR-1736484601|IDR|0.76|2025-01-10 04:50:01
EXIDR-1736537165|IDR|1.1883|2025-01-10 19:26:05
