id|name|dob|age|gender|address|country|email|created_at|updated_at
0817387533|Madeline Alvarado|1996-11-17|28|Female|84190 Roberts Landing Apt. 625 Chaneyport, AZ 87607|Cuba|madelinealvarado@holder.com|2024-10-19 14:35:33|2024-12-10 00:14:54
1979198372|Maria Garcia|1949-06-18|75|Male|862 Hernandez Drive North Audreyville, PA 46947|Croatia|mariagarcia@hotmail.com|2024-01-23 19:20:08|2024-02-28 17:03:24
9146669647|Darren Morris|1999-04-07|25|Male|9707 Sierra Crescent North Elizabethbury, CT 74325|Estonia|darrenmorris@gmail.com|2022-02-24 10:41:49|2023-08-03 03:55:18
3419872890|Christopher Johnson|2002-04-18|22|Female|7353 Martin Mills Ericaport, NJ 36668|Sudan|christopherjohnson@hotmail.com|2024-09-28 15:20:11|2025-01-07 13:56:21
2125398960|Joan Wheeler|1977-02-16|47|Male|92849 Joshua Burgs Christopherview, MA 94017|Bhutan|joanwheeler@hotmail.com|2024-01-23 13:15:59|2024-11-17 10:19:51
9785727425|Gerald Williams|1989-04-19|35|Male|05062 Burke Circle Apt. 632 Jeremychester, GA 88083|Congo|geraldwilliams@hotmail.com|2024-09-25 22:19:58|2024-10-03 21:14:03
8079578459|Sandra Roberts|1977-04-25|47|Male|31092 Pierce Forest Smithton, OH 59758|Vietnam|sandraroberts@holmes-garcia.info|2024-04-07 08:57:48|2024-11-14 18:50:36
7049957459|Reginald Green|1998-02-23|26|Male|32679 Herrera Squares Apt. 437 Maryside, VT 14457|Oman|reginaldgreen@ramsey-allen.org|2023-09-21 14:06:27|2024-10-29 17:09:34
3415893782|Candice King|2004-01-29|20|Male|0754 Dennis Villages Apt. 626 West Christineport, RI 87095|Norfolk Island|candiceking@gmail.com|2022-10-10 11:39:20|2023-01-26 18:31:41
5677589239|Brad Torres|1966-10-16|58|Male|338 Anthony Loop Apt. 699 North Catherinehaven, OK 21233|Guatemala|bradtorres@gmail.com|2023-01-10 23:13:25|2023-03-18 07:06:18
7163600209|Heather Cannon|1952-03-30|72|Male|7477 Molina Coves Apt. 638 West Damon, FL 72059|Estonia|heathercannon@price.info|2022-03-24 22:13:36|2023-04-12 01:31:34
3255177997|Joshua Hughes|1996-02-26|28|Male|PSC 7720, Box 1799 APO AE 23666|Saint Vincent and the Grenadines|joshuahughes@roberts.com|2024-10-16 16:46:17|2024-10-24 14:38:21
8894720351|Troy Cortez|1998-08-12|26|Female|0433 Justin Viaduct Apt. 403 Chaneyfurt, ND 17685|Canada|troycortez@hotmail.com|2024-05-19 16:29:43|2024-10-22 00:30:54
9677001723|John Owens|2005-11-14|19|Male|5769 Michael Walk Apt. 277 Lorichester, HI 96530|Cuba|johnowens@yahoo.com|2023-11-07 09:18:28|2024-10-18 16:32:30
6480347263|Aaron Jones|1974-12-18|50|Male|885 Joseph Greens Suite 804 Williamfort, NJ 80083|Australia|aaronjones@gmail.com|2022-07-11 23:12:36|2022-10-28 16:28:01
6451644387|Tracy Molina|1973-06-23|51|Female|13043 Jordan Corners Apt. 836 Donnaland, DE 99605|British Indian Ocean Territory (Chagos Archipelago)|tracymolina@yahoo.com|2023-04-17 23:47:37|2024-06-04 09:17:09
0485837296|April Landry|1982-08-13|42|Female|USS David FPO AP 18386|Czech Republic|aprillandry@yahoo.com|2023-09-25 01:02:56|2024-07-23 00:25:03
3325595648|Susan Jones|1977-12-01|47|Female|3583 Taylor Trail Johnhaven, TX 81746|Pakistan|susanjones@gmail.com|2024-04-29 07:47:18|2024-08-10 11:12:37
2151660861|Katie Evans|1968-05-04|56|Male|6888 Eddie Village Apt. 174 South Laceytown, GA 18880|Antigua and Barbuda|katieevans@buck.com|2022-01-09 14:10:53|2024-04-13 07:15:03
1810500785|Michael Mercado|2004-03-11|20|Male|56661 Elizabeth Gateway Apt. 672 Guzmanchester, NJ 44951|Antigua and Barbuda|michaelmercado@hotmail.com|2022-10-21 07:44:42|2022-12-18 17:07:12
2320991026|Natalie Jimenez|2004-07-30|20|Female|Unit 2161 Box 5818 DPO AA 25368|Panama|nataliejimenez@gmail.com|2024-06-18 21:52:12|2024-09-14 01:33:07
7212445158|Tom Taylor|1972-06-06|52|Male|834 Bishop Land Apt. 378 Sanderston, AK 04700|Guernsey|tomtaylor@proctor.net|2022-02-27 00:59:12|2022-12-24 08:53:59
5815771310|Angela Lee|1950-10-07|74|Female|822 Diane Rue Suite 152 East Johnchester, PA 05103|Ecuador|angelalee@clark.net|2022-10-09 10:20:54|2024-11-12 23:26:36
9074217629|Natalie Graham|1989-06-02|35|Male|6319 Caroline Curve Stephenton, NJ 85357|Ireland|nataliegraham@yahoo.com|2023-05-31 09:59:09|2023-09-11 00:24:11
3318314626|Brandi Hughes|1977-06-29|47|Female|515 Gray Drive Franklinport, LA 95434|Zimbabwe|brandihughes@smith.org|2022-05-24 06:35:01|2024-06-22 21:10:14
7918325660|Jennifer Collier|1971-01-28|53|Male|7767 Scott Way Ayalaside, OK 58627|Cote d'Ivoire|jennifercollier@yahoo.com|2023-03-12 20:00:25|2024-04-24 03:12:38
4839168964|Kimberly Garcia|1992-01-30|32|Female|566 Michelle Heights Suite 910 Melissahaven, AZ 69293|Poland|kimberlygarcia@gmail.com|2023-05-04 12:13:44|2024-10-01 04:48:44
2616545093|Mary Ward|1966-06-28|58|Male|68220 Gregory Extension Jenniferland, CT 87896|Angola|maryward@hotmail.com|2022-11-11 08:36:05|2023-05-16 19:16:05
6788980882|Stacy Jones|1957-12-01|67|Male|1927 Oneal Bypass Hoffmanland, IN 48607|Sao Tome and Principe|stacyjones@gmail.com|2024-04-18 09:27:03|2024-05-12 14:02:59
2715192071|Michael Diaz|2005-07-07|19|Female|8184 Jesse Expressway North James, NY 90900|Togo|michaeldiaz@lynch.net|2023-09-05 10:57:12|2024-04-15 23:04:48
2085918165|Ronnie Hickman|1974-04-16|50|Male|56227 Wilkinson Locks Suite 931 Kirkchester, ID 62784|Equatorial Guinea|ronniehickman@gmail.com|2022-07-29 15:40:29|2024-08-13 03:22:09
2513943712|Christian Clark|1951-11-05|73|Female|9615 Brenda Villages Apt. 124 South Tammyview, FL 37207|United Kingdom|christianclark@hotmail.com|2024-06-24 00:42:42|2024-07-19 19:43:07
9461817167|Ronald Reyes|1999-10-24|25|Female|PSC 7959, Box 1197 APO AP 08918|Malaysia|ronaldreyes@moody.info|2023-04-26 04:02:41|2024-09-24 18:46:35
6452810779|Aaron Lee|1971-02-08|53|Female|068 Palmer Crossroad Port Susan, DC 83477|Korea|aaronlee@wade-munoz.com|2023-05-01 06:53:13|2024-06-10 05:53:06
9329639089|Daniel Andrews|1976-06-02|48|Male|49246 Kendra Courts New Frank, WV 68436|Colombia|danielandrews@drake.org|2022-11-28 01:46:35|2023-03-06 04:23:09
4771933882|Kimberly Roberts|2005-07-04|19|Female|32564 Roberts River Suite 915 Marcusfurt, FL 10533|Denmark|kimberlyroberts@montoya-rivera.com|2022-03-10 07:25:27|2024-04-26 00:09:51
1610456798|Roy Hernandez|1975-11-11|49|Female|USCGC Hines FPO AA 54396|Malawi|royhernandez@prince.org|2023-06-20 17:58:09|2023-11-08 12:29:21
3109059430|Emma Bennett|1991-08-15|33|Male|937 Kevin Shore Apt. 035 Brandonside, FL 14711|Ireland|emmabennett@cook.com|2022-07-08 10:58:22|2023-07-22 01:01:54
8376643532|Brandon Steele|1961-03-31|63|Male|94393 Austin Via Suite 993 Lynnburgh, WI 55132|Qatar|brandonsteele@luna-jones.biz|2024-11-15 17:50:43|2024-11-30 18:46:14
1985041242|Ryan Walters|1994-07-28|30|Female|04548 Andrew Islands New Monicaport, ND 19713|Bolivia|ryanwalters@barton-thornton.com|2022-03-31 15:50:03|2023-06-13 16:14:36
6727792809|Dillon Ramos|1975-12-01|49|Male|839 Kristina Centers Apt. 889 Lake Gerald, MA 13302|Uzbekistan|dillonramos@hotmail.com|2024-03-11 00:22:49|2024-10-05 00:11:16
5175849471|James Rodriguez|1977-04-15|47|Male|118 Smith Port Suite 149 Johnbury, NC 53213|Norfolk Island|jamesrodriguez@yang.com|2023-01-09 12:07:02|2023-02-12 15:23:05
5881861626|Anthony Zavala|1977-12-12|47|Male|14730 Jared Summit Apt. 090 Trevorbury, UT 75573|Ireland|anthonyzavala@yahoo.com|2023-10-16 21:42:17|2024-06-30 12:47:33
2726410879|Donald Harper|1965-12-21|59|Male|7262 Diana Mountain Suite 677 South Kristinfort, WI 82661|Syrian Arab Republic|donaldharper@gmail.com|2023-04-14 15:31:02|2024-11-28 22:44:43
0095951743|Seth Rice|1996-04-11|28|Male|85623 Curtis Divide Maryburgh, PA 74193|Cook Islands|sethrice@hotmail.com|2024-11-04 11:47:09|2024-12-07 23:50:55
7953005062|Mr. Robert Gordon Jr.|1967-12-26|57|Male|972 Sarah Village Josephshire, NV 78435|Iceland|mrrobertgordonjr@yahoo.com|2023-02-13 21:50:55|2023-08-29 04:44:21
5428758563|Kyle Little|1978-07-26|46|Male|Unit 6779 Box 7329 DPO AE 13829|Hong Kong|kylelittle@gmail.com|2024-09-11 15:01:40|2024-09-16 08:01:55
0989373849|Laurie Miller|1951-07-02|73|Male|194 Hardin Oval Suite 568 Angelafort, MS 51130|Croatia|lauriemiller@hotmail.com|2024-09-17 22:04:52|2024-11-25 19:02:11
4298154027|Jacqueline King|1999-11-24|25|Male|7536 Tracey Turnpike Apt. 700 East Johnmouth, OR 32164|Serbia|jacquelineking@keller.com|2022-01-10 04:24:34|2023-09-19 21:44:01
3318989968|Robert Smith|2001-04-20|23|Male|9085 Michael Loaf Michelletown, NC 21607|Brunei Darussalam|robertsmith@munoz.biz|2024-07-27 19:16:28|2024-12-21 12:29:41
1111426940|Sean Hicks|1990-06-30|34|Female|Unit 3951 Box 7842 DPO AA 33418|Dominica|seanhicks@herrera-gonzalez.com|2023-04-20 11:03:21|2024-11-10 00:55:30
0637918936|Daniel Mendez|1988-03-12|36|Male|8391 Lawrence Road Rogersland, WA 56908|Cook Islands|danielmendez@waters.com|2024-05-09 13:47:12|2024-06-17 15:44:45
8706817544|Carol Bowen PhD|1966-09-27|58|Male|68126 Anderson Gateway South Thomas, SD 42661|Antigua and Barbuda|carolbowenphd@yahoo.com|2023-02-15 14:02:29|2023-07-07 03:32:50
7242103996|Jessica Bradley|2002-09-28|22|Female|717 Mason Path Apt. 498 North Ianmouth, CA 39284|Bosnia and Herzegovina|jessicabradley@gmail.com|2024-07-18 22:34:49|2024-09-05 07:16:14
8196535813|Michael Burton|1963-02-05|61|Female|788 Christine Shores Apt. 014 West Sherrymouth, DE 04810|Solomon Islands|michaelburton@ruiz.com|2024-04-07 17:34:17|2024-10-05 08:19:57
3143968745|Kristina Chen|1961-06-15|63|Male|6282 Brandi Groves North Ericaton, PA 95148|Solomon Islands|kristinachen@edwards-fernandez.org|2024-11-14 13:19:31|2025-01-05 03:47:01
6492767993|Courtney Rogers|2000-12-02|24|Male|14164 Short Wells Apt. 535 Lake Nicole, MN 51565|Holy See (Vatican City State)|courtneyrogers@hayes.com|2022-11-21 13:14:38|2023-12-11 23:46:06
7439764333|Christopher Drake|2003-05-06|21|Female|0836 Brown Pike Suite 174 Nunezville, CA 13079|Guadeloupe|christopherdrake@hotmail.com|2023-05-27 08:55:51|2024-05-05 07:04:59
5361439421|Anne Mason|1988-03-23|36|Female|USNV Hammond FPO AE 65000|Panama|annemason@santos-wheeler.com|2024-07-22 00:32:09|2024-11-21 17:40:04
9786340134|Brooke King|2000-03-27|24|Male|777 Thompson Trail Marcfurt, SD 91296|Sierra Leone|brookeking@wheeler.com|2022-09-12 13:16:13|2024-07-07 14:12:52
8966570207|Benjamin Armstrong|1972-01-12|52|Male|348 Hanna Locks Mcdanielland, MT 59253|Mauritius|benjaminarmstrong@vasquez.com|2022-03-02 20:03:05|2024-08-30 03:35:14
0389935850|Adam Sims|1991-11-03|33|Male|805 Ramirez Hills Apt. 880 Casestad, MD 03498|Colombia|adamsims@hotmail.com|2023-01-13 03:55:52|2024-04-23 22:58:17
0814112905|Nathan Kim|2006-04-24|18|Female|549 Sarah Centers Suite 478 East Kevin, KS 36988|Vietnam|nathankim@gomez-woods.com|2024-01-31 12:52:25|2024-11-13 14:57:41
6046564998|Megan Taylor|1983-08-06|41|Male|8281 Smith Radial Suite 553 Lake Lisafurt, FL 55456|French Guiana|megantaylor@perez.info|2024-10-14 08:20:00|2024-12-24 13:37:45
5680392554|Valerie Evans|1980-05-29|44|Female|562 Steven Mill North Sandra, VA 13641|Christmas Island|valerieevans@gmail.com|2024-03-20 22:53:54|2025-01-10 00:57:09
7181477366|Joshua Gutierrez|2001-06-01|23|Male|320 Pope Cliff Apt. 851 West Jessica, NJ 32681|Korea|joshuagutierrez@jones.net|2023-09-18 10:08:38|2024-05-04 12:42:09
4908617590|Linda Andrews|2004-04-21|20|Male|950 Alisha Garden Apt. 516 East Christopher, HI 58915|Bouvet Island (Bouvetoya)|lindaandrews@bailey.org|2022-12-16 16:14:33|2023-04-14 06:38:27
6271531388|Eduardo Blair|2004-11-03|20|Female|97961 Cooley Ranch Michelemouth, NJ 55516|Grenada|eduardoblair@olson.com|2022-06-14 12:16:01|2023-09-14 20:48:18
0761026440|Tyler Rodriguez|1987-02-08|37|Male|948 Romero Throughway Marktown, WA 26351|Austria|tylerrodriguez@hotmail.com|2023-07-08 05:44:39|2024-07-25 05:13:36
1193970305|William Peterson|1983-06-26|41|Male|607 Jones Manors Suite 669 North Kimberlyton, MA 91068|Burundi|williampeterson@yahoo.com|2023-05-14 20:29:55|2024-06-03 15:39:38
5447126266|Kevin Cook|2003-02-11|21|Male|USCGC White FPO AE 88041|Antarctica (the territory South of 60 deg S)|kevincook@sanders-swanson.biz|2024-02-11 20:51:33|2024-12-16 15:26:32
4103177620|Robin Simpson|1958-10-13|66|Female|0520 White Island Suite 085 Michaelfort, NM 39868|Tunisia|robinsimpson@foster-middleton.com|2023-05-01 09:35:54|2024-07-03 15:19:30
8648149061|Connie Clayton|1980-05-21|44|Male|259 Wendy Glens Sullivanfurt, MS 41904|Philippines|connieclayton@williams.info|2023-06-20 11:17:58|2024-03-12 23:11:20
2072983633|Heidi Maxwell|1997-03-15|27|Male|3599 White Pike New Robert, NJ 98869|Palestinian Territory|heidimaxwell@gmail.com|2022-01-13 06:23:21|2023-10-13 00:48:33
5746522115|Jeffery Duncan|2000-03-26|24|Male|1567 Collins Spring Suite 379 Hunterfort, PA 03717|Niger|jefferyduncan@yahoo.com|2023-06-02 01:16:33|2023-07-11 04:49:03
8680995283|Keith Nguyen|1961-09-23|63|Female|891 Alex Avenue Suite 277 West Andreatown, ID 64920|Norfolk Island|keithnguyen@marshall.info|2024-04-16 02:02:54|2024-07-02 00:05:53
6200626946|Kelsey Brown|1952-11-30|72|Male|1613 Paula Land Suite 174 New Earl, NC 65633|Saint Vincent and the Grenadines|kelseybrown@yahoo.com|2022-05-01 12:58:02|2024-12-17 06:23:34
2972928202|Tanya Lopez|1986-02-17|38|Male|93864 Jorge Glens Suite 308 Loriport, NM 59270|Netherlands Antilles|tanyalopez@sparks.com|2022-02-26 01:27:50|2024-09-22 21:44:16
8379194512|Jason Ward|1982-01-12|42|Male|366 Poole Branch Chrisport, HI 80923|Cocos (Keeling) Islands|jasonward@yahoo.com|2022-05-28 21:24:09|2022-11-15 07:07:56
5168604388|Justin Johnson|1982-05-27|42|Female|57307 Henderson Groves Apt. 539 Brianchester, NC 03374|Holy See (Vatican City State)|justinjohnson@wilson-jones.org|2023-02-19 10:24:13|2024-08-31 07:08:54
9726518295|Michael Anderson|1984-09-03|40|Male|0797 Annette Brooks Suite 125 Michaelbury, CA 22768|Guam|michaelanderson@rodriguez.info|2022-12-19 12:00:57|2024-04-08 18:09:51
1890965299|Patricia Palmer|1972-08-12|52|Male|08648 Marvin Rapid Apt. 856 South Christinebury, ND 55197|Guadeloupe|patriciapalmer@taylor.biz|2023-05-01 19:50:21|2023-06-02 09:50:01
6197751692|Juan Henderson|1998-01-06|27|Male|75513 Cline Mission Donaldview, WI 60352|American Samoa|juanhenderson@gmail.com|2023-08-04 15:28:57|2023-10-25 22:58:34
8370415306|Dana Beard|2005-07-31|19|Male|USS Davis FPO AA 70569|Greece|danabeard@yahoo.com|2022-07-20 21:59:48|2024-10-12 01:47:47
9082932096|Jill Kennedy|1997-02-25|27|Female|USS Wilcox FPO AA 45437|Estonia|jillkennedy@massey.com|2022-07-26 11:19:40|2023-02-21 00:08:41
5382131119|Elizabeth Alexander|2004-06-06|20|Male|644 Bridget Turnpike Apt. 389 Ashleytown, OR 15331|Qatar|elizabethalexander@yahoo.com|2022-08-05 04:09:06|2024-08-10 13:54:18
0807374721|Mark Lopez|1981-02-22|43|Female|90952 Oscar Ports Apt. 539 Port Micheal, MS 99750|Lithuania|marklopez@valencia.com|2024-01-02 03:04:29|2024-06-01 11:04:29
1386393696|Jessica Jenkins|1977-05-14|47|Female|Unit 7123 Box 2284 DPO AA 41410|Senegal|jessicajenkins@moore.com|2024-12-21 16:45:07|2025-01-07 23:41:45
7375238433|Gloria Daniel|1993-08-02|31|Female|6413 Stephanie Rapid Suite 363 Zacharymouth, IN 14885|Algeria|gloriadaniel@garcia.com|2023-12-11 10:02:37|2024-01-30 09:02:47
5613205787|Mrs. Crystal Clark|2002-10-06|22|Female|30682 Juan Trafficway Suite 779 Gillburgh, MS 82596|Western Sahara|mrscrystalclark@yahoo.com|2022-12-09 14:55:03|2024-06-21 21:58:40
2208151056|Kelly Sanders|1986-06-10|38|Male|USCGC Castro FPO AE 70178|San Marino|kellysanders@rhodes.com|2024-09-17 09:00:41|2024-10-19 20:15:33
2021991646|Kimberly Castaneda|1966-03-19|58|Male|88871 Diaz Crossing New Bradton, IA 40077|Poland|kimberlycastaneda@gmail.com|2023-08-15 17:18:34|2024-03-03 09:20:56
1235312094|Maurice Archer|1967-01-24|57|Female|473 Stafford Spring Apt. 139 Lake Jeffrey, NM 56585|China|mauricearcher@hotmail.com|2023-06-28 01:14:19|2023-12-10 03:36:58
9073421753|Aaron Hughes|1997-12-14|27|Female|5954 Stacey Passage Suite 278 Philipshire, KY 41243|Belarus|aaronhughes@yahoo.com|2023-11-10 15:00:37|2024-09-24 01:14:21
3332547882|Linda Dunlap|1951-09-21|73|Male|12751 Erica Coves Suite 386 Elizabethstad, NY 75746|Fiji|lindadunlap@frazier.com|2023-08-27 22:14:31|2024-01-01 18:39:02
9564013291|Lauren Matthews|1961-03-11|63|Female|3286 David Radial Allenport, WV 71286|Uganda|laurenmatthews@hotmail.com|2024-11-25 23:40:08|2024-12-10 15:18:14
3563431603|Robert Turner|1961-12-02|63|Female|98340 James Crossing Tonyaport, KY 04393|Sweden|robertturner@gmail.com|2022-02-06 12:46:11|2022-12-03 22:34:01
6503592745|Kevin Thompson|1957-06-08|67|Male|83618 Timothy Island Murrayview, NV 98070|Botswana|kevinthompson@hotmail.com|2024-12-14 23:34:54|2025-01-05 00:47:43
9897131208|Steven West|1964-07-16|60|Male|USCGC Rice FPO AE 01817|Guadeloupe|stevenwest@yahoo.com|2024-06-17 08:19:19|2025-01-08 21:57:22
2275098217|Tiffany Edwards|1967-06-28|57|Male|19656 Sheila Terrace North Ryanchester, IN 92702|Germany|tiffanyedwards@abbott.com|2023-01-31 14:05:07|2024-05-21 04:49:53
8938266642|Benjamin Gray|2000-07-27|24|Male|41912 Patel Circles Suite 252 East Ronald, IA 57889|Somalia|benjamingray@lopez.biz|2022-02-05 22:26:59|2023-03-07 02:09:22
7123202703|Tracy Smith|1977-12-30|47|Female|920 Jillian Groves Apt. 469 West Amyshire, IL 70505|Thailand|tracysmith@gmail.com|2022-09-29 11:40:21|2024-08-28 10:15:43
3979322039|Leah Mitchell|1966-01-22|58|Female|8966 Albert Brooks Apt. 290 Port Brian, VT 78512|Zambia|leahmitchell@dean-hawkins.biz|2023-03-02 07:35:32|2023-08-26 14:47:34
6154143269|Madison Flowers|1951-07-12|73|Female|009 Donna Via Apt. 610 Lake Tracyfort, RI 85467|Kiribati|madisonflowers@owens.com|2022-09-13 17:36:47|2024-09-22 18:23:52
6433666373|Dr. James Oneal|1957-11-19|67|Male|Unit 4798 Box 0371 DPO AA 13574|Italy|drjamesoneal@gmail.com|2023-01-17 15:38:50|2023-08-11 03:04:37
2344195235|John Mason|1950-06-08|74|Male|15340 Wagner Haven Ruizmouth, NY 54258|United Arab Emirates|johnmason@hotmail.com|2023-05-24 14:21:02|2024-01-24 06:41:07
2252217617|Julie Warner|1989-09-05|35|Female|5322 Ashley Manor Maryfurt, WI 62606|Mongolia|juliewarner@gmail.com|2023-12-16 01:55:30|2024-01-20 06:26:54
7910574756|Rick Banks|1967-03-17|57|Male|273 Daniel Manors Apt. 967 Watsonberg, NE 03530|Lebanon|rickbanks@johnson.com|2022-01-05 14:55:45|2024-07-15 19:42:33
2983814248|Mrs. Mariah Miller|1969-02-08|55|Male|USNV Mccormick FPO AE 30622|Gabon|mrsmariahmiller@gallagher.com|2023-03-26 00:15:57|2024-12-08 05:15:17
5526891340|Christopher Short|1951-07-19|73|Female|5681 Thomas Villages Suite 043 East Katherinehaven, DE 81129|Slovenia|christophershort@hotmail.com|2023-01-18 21:40:50|2024-03-23 17:33:00
7532885113|Sydney Cox|1961-06-28|63|Female|693 John Path Apt. 076 Port Shane, VT 01726|Monaco|sydneycox@gmail.com|2022-03-07 11:24:12|2022-12-17 11:18:14
5716005411|William Kramer|1989-10-29|35|Female|701 Bethany Wells Apt. 010 Monicaville, AL 64053|Indonesia|williamkramer@dyer-bennett.net|2022-07-31 05:26:22|2022-10-01 08:55:54
8471854062|Reginald Snyder|1969-03-28|55|Male|72408 Tapia Road Lake Michelle, VA 51676|Jordan|reginaldsnyder@johnson-smith.info|2022-06-08 06:07:03|2024-10-15 06:14:20
8377930029|Edwin Hernandez|1950-08-29|74|Female|8635 Haynes Lights Port Anitaton, IN 26491|Guatemala|edwinhernandez@gonzalez.com|2022-11-24 06:55:00|2023-02-02 23:03:35
1683278914|Matthew Gray|1966-07-11|58|Female|026 Theresa Drive Tarastad, AZ 50640|Saint Vincent and the Grenadines|matthewgray@hotmail.com|2024-05-24 21:29:02|2024-06-01 06:33:06
5859315413|Tammy Salazar|1985-11-12|39|None of Above|95950 William Mountain Suite 534 Port Veronicaberg, IN 58133|Nigeria|tammysalazar@ray.com|2023-12-24 23:05:14|2024-02-04 03:22:13
2603708503|Deborah Ross|1973-08-31|51|Male|44063 Mary Points Suite 922 East Jenniferton, CT 21614|Bhutan|deborahross@patterson.com|2022-12-21 01:13:05|2024-03-13 04:33:12
7159278528|Aimee Reyes|1994-11-27|30|Male|01234 Lee Turnpike Valdezshire, NV 50366|Jordan|aimeereyes@yahoo.com|2024-10-21 07:47:57|2024-12-13 09:06:33
2829158669|Michael Bell|1979-07-18|45|Male|5923 Nicholas Oval North Stephaniefurt, DE 88037|Niger|michaelbell@gmail.com|2024-10-17 22:14:51|2024-11-10 20:52:56
6485962280|Brendan Lane|1959-04-16|65|Male|04014 Kristin Rue North Brianland, NY 45187|Wallis and Futuna|brendanlane@yahoo.com|2023-05-23 03:27:50|2023-06-04 13:31:13
6038537561|Casey Walsh|1977-04-13|47|Male|PSC 0559, Box 2180 APO AA 24824|Hungary|caseywalsh@villarreal-singleton.info|2023-10-11 11:16:57|2024-03-13 18:53:54
2538696187|Dr. Sarah Huber|1999-02-17|25|Male|0791 Jason Fork Suite 447 West Emily, GA 76805|Belarus|drsarahhuber@gmail.com|2024-08-04 06:07:31|2024-11-04 14:16:31
0776895907|Kristina Martin|1972-03-17|52|Male|691 Grace Court Apt. 489 Wangside, AK 32275|Spain|kristinamartin@gmail.com|2024-08-03 07:10:16|2024-10-24 06:54:45
1142858497|Joshua Bennett|1952-04-12|72|Male|545 Cathy Corners Apt. 284 Chrisfort, ID 58540|Korea|joshuabennett@gmail.com|2022-03-20 19:51:46|2024-01-21 21:27:28
7183949186|Andrew Singh|2000-10-28|24|Male|863 Jesse Roads Suite 506 West Ryan, LA 25440|Hungary|andrewsingh@gmail.com|2023-08-20 20:50:28|2023-09-14 16:29:51
6587360169|Courtney Adams|2002-08-08|22|Female|93225 Chapman Ports Robertsside, MA 03275|Wallis and Futuna|courtneyadams@gmail.com|2024-07-19 03:53:22|2024-10-03 10:08:17
1506336588|Amy Bender|1975-09-11|49|Female|50871 Sharon Track Apt. 340 Browntown, CT 47503|Tuvalu|amybender@yahoo.com|2022-05-05 20:21:12|2023-03-01 02:29:02
7667344569|Norman Yu|1995-09-14|29|Male|814 Martinez Common East Susanmouth, AR 75762|Hungary|normanyu@yahoo.com|2023-11-27 16:16:10|2024-04-22 04:50:45
4182576384|Andrew Valdez|1971-11-25|53|Male|688 Aaron Summit North Tyler, UT 59014|Central African Republic|andrewvaldez@yahoo.com|2024-08-06 18:43:21|2024-12-15 20:27:52
0107182300|Anthony Tyler|2000-01-16|24|Female|96506 Collins Islands Reevesmouth, TX 93962|Belgium|anthonytyler@ayala.info|2022-12-20 14:07:59|2023-10-24 10:07:24
5930365422|Debra Moore|2006-10-05|18|Female|7858 Duran Locks Melanieview, MT 14793|Holy See (Vatican City State)|debramoore@morris-swanson.com|2022-09-07 01:01:29|2024-02-28 11:57:53
7543988908|Jonathan Benson|1990-02-16|34|Male|48179 Jeffery Parkway Millerport, MS 39424|Tajikistan|jonathanbenson@powers.com|2024-12-21 14:21:20|2025-01-09 12:06:22
6525422822|Christine Barnett|1999-07-30|25|Male|69483 Wilson Orchard Suite 467 New Jenniferchester, CA 52283|Netherlands|christinebarnett@hotmail.com|2023-03-11 09:56:20|2024-10-02 02:01:09
4205009106|Charles Miller|1963-09-26|61|Female|694 Jones Ports Suite 553 West Robert, MT 72970|United States of America|charlesmiller@coleman.biz|2024-09-03 18:47:13|2024-09-21 14:37:58
1108220418|Carl Gutierrez|1993-07-07|31|Female|5781 Coleman Port Apt. 210 South Meaganbury, CO 39561|Slovakia (Slovak Republic)|carlgutierrez@hotmail.com|2022-08-27 14:01:42|2023-08-29 04:42:20
0337652812|Michael Garner|1999-07-04|25|Male|057 Lisa Cliffs Apt. 480 South Sue, ME 39406|Svalbard & Jan Mayen Islands|michaelgarner@hotmail.com|2023-12-09 06:49:30|2024-06-30 11:24:23
3292907793|Susan Arnold|1949-04-03|75|Male|963 Andrea Passage New April, IA 70548|Suriname|susanarnold@yahoo.com|2022-09-22 08:38:10|2024-04-30 19:39:38
1356644801|Lisa Brown|1986-08-13|38|Male|478 Davis Glens Apt. 318 Phillipland, SC 48947|Oman|lisabrown@gmail.com|2022-04-09 04:48:03|2024-04-26 06:52:00
8895633458|Morgan Lam|1967-10-07|57|Male|2756 Wood Mall Mckinneyfurt, MN 28429|Russian Federation|morganlam@gmail.com|2022-06-04 14:07:58|2023-07-24 18:14:04
1581493354|Douglas Bradley|1985-06-29|39|Male|58158 Kristi Mountains Suite 285 Cynthiaview, CT 05764|Micronesia|douglasbradley@mcdonald.com|2023-12-06 08:25:23|2024-05-21 08:46:55
9134300101|Kimberly Powell|1978-07-18|46|Male|69779 Williams Court East Robertton, OR 44108|Uzbekistan|kimberlypowell@hotmail.com|2023-01-13 02:36:14|2023-09-12 04:41:52
1195499885|Amy Williams|1954-12-21|70|Male|9655 Jesus Bridge West Rebecca, KS 75130|Tonga|amywilliams@taylor.com|2022-07-20 22:19:23|2024-10-30 14:33:07
0338416605|Timothy Vaughn|2006-11-07|18|Female|29207 Danielle Ways Apt. 615 East Maryton, IN 80349|Serbia|timothyvaughn@hotmail.com|2023-06-08 19:32:29|2024-12-01 05:14:03
0852653201|Jason Hill|1964-01-10|61|Female|0901 Jacqueline Mews Suite 221 Elizabethchester, NE 30407|Taiwan|jasonhill@perry.com|2022-09-23 07:30:04|2023-01-24 14:45:28
2820190196|Jennifer Paul|1996-11-22|28|Male|92505 Tanner Pine Suite 403 Hollyland, RI 63124|Korea|jenniferpaul@gmail.com|2023-03-31 08:44:50|2024-09-01 17:38:33
2004615739|Maurice Obrien|1950-02-05|74|Male|733 Robert Mountain Apt. 692 Crystalhaven, WA 55147|Kenya|mauriceobrien@deleon.org|2022-12-31 20:40:42|2023-11-12 04:53:19
6459395248|David Parks|1956-03-03|68|Male|70993 Shaw Summit North Scottton, IL 67992|Germany|davidparks@hotmail.com|2023-05-11 02:58:27|2023-06-21 00:01:53
8014966099|Patricia Wagner|2005-10-06|19|Male|102 Adkins Harbors South Natalieshire, TX 97134|Russian Federation|patriciawagner@hotmail.com|2023-04-28 12:25:19|2024-01-30 07:51:12
7984342598|Terri Collins|1975-08-26|49|Male|3191 Hunt Isle Suite 197 Port Tracey, SC 92944|Bolivia|terricollins@lopez-daugherty.net|2024-10-29 05:12:25|2024-12-23 02:15:20
9267097341|Anne Foley|1949-02-28|75|Male|619 Jesse Bridge New Michaelmouth, NH 06340|Eritrea|annefoley@hotmail.com|2024-05-29 03:31:34|2024-06-19 02:48:47
8719181246|Maria Pham|1961-05-12|63|Male|3327 Michael Freeway Apt. 481 Andrewmouth, PA 58221|Guam|mariapham@eaton.org|2023-03-31 22:41:35|2024-01-24 19:26:56
4804405498|Megan Mayer|1986-09-12|38|Male|1624 Jeffery Cape Apt. 797 New Robertstad, NY 83540|Yemen|meganmayer@hotmail.com|2024-11-17 23:14:37|2025-01-04 01:06:58
9906153693|Kevin Boyer|2001-10-09|23|Female|9472 Wilkins Park New Charlesberg, MN 03028|Comoros|kevinboyer@smith.com|2024-12-09 08:04:51|2024-12-27 22:47:33
7640085174|Joshua Garcia|1983-04-10|41|Male|PSC 8922, Box 2726 APO AA 64626|Montserrat|joshuagarcia@brown.info|2022-05-07 05:33:03|2023-06-04 10:35:32
4850312828|Scott Cabrera|1959-02-18|65|Female|1225 Miranda Shore Suite 832 Burtonbury, UT 94262|Jersey|scottcabrera@hotmail.com|2024-08-25 08:04:37|2024-12-17 02:44:17
6377899267|James Ramsey|1961-05-21|63|None of Above|257 Davis Crescent East Carmenton, TN 81106|Congo|jamesramsey@hutchinson.info|2024-12-30 00:53:59|2025-01-04 19:51:50
0474257134|Eddie Anderson|1965-01-10|60|Female|2626 Andrea Prairie Scottchester, MN 26026|Equatorial Guinea|eddieanderson@morgan-fox.com|2023-10-12 20:16:14|2024-10-15 10:45:32
2627345220|Terry Allison|1996-04-25|28|None of Above|64994 Gregory Walks New Christopherburgh, ME 97925|United States Virgin Islands|terryallison@burton-reid.info|2022-10-10 15:53:37|2024-02-07 16:49:43
3998452817|Melissa Chandler|1969-10-12|55|Male|87570 Kathleen Roads Apt. 661 Amandaborough, AZ 49216|Montenegro|melissachandler@schroeder.com|2023-12-29 05:36:14|2024-05-09 05:45:15
0858548687|Katherine West|1972-09-23|52|Male|32965 Fred View South Christopher, DC 53185|Gibraltar|katherinewest@wood-jackson.com|2023-04-02 16:22:11|2023-10-03 18:58:32
4988419885|Deborah Ferguson|1959-01-10|66|Male|23511 Miller Greens New Bradyburgh, MN 88134|Nigeria|deborahferguson@rodriguez.com|2024-04-05 01:20:24|2024-07-05 19:17:29
5030076934|Darlene Gomez|1996-12-07|28|None of Above|2518 Bobby Route Apt. 846 Whitneyport, CA 91660|Greece|darlenegomez@watson.com|2023-03-01 02:30:36|2024-03-01 09:34:50
8008990786|Julie Allen MD|1966-11-15|58|Female|1569 Richard Spur Apt. 363 Gregorystad, MT 81236|Brazil|julieallenmd@hotmail.com|2023-08-31 17:44:33|2023-12-29 03:59:57
1658861295|Sara Dennis|2003-09-26|21|None of Above|971 Megan Brooks Suite 822 New Davidhaven, WY 84837|Kazakhstan|saradennis@hotmail.com|2024-05-27 06:43:48|2024-11-11 16:35:46
3213370534|Teresa Williams|1953-10-09|71|Male|31488 Rice Overpass Apt. 748 North Anna, NM 59463|Grenada|teresawilliams@gmail.com|2022-09-04 12:44:38|2024-12-11 04:32:23
5322845002|Sherri Morgan|1982-01-16|42|Female|973 Joseph Bypass Lake Seanbury, OK 67531|Saint Barthelemy|sherrimorgan@mcintyre.com|2023-05-19 14:40:36|2024-11-16 10:33:58
6407562248|Richard Bailey|1978-03-08|46|Female|3142 Brad Mountains North Amymouth, CO 00600|Monaco|richardbailey@norris.com|2022-01-17 06:16:09|2024-04-03 11:56:53
5720183275|Alison Poole|1963-06-24|61|Male|48671 Tammy Trail Brentville, AR 82278|Bangladesh|alisonpoole@gutierrez.com|2022-06-10 13:21:30|2024-02-14 18:11:48
1579184687|Kayla Kim|1956-05-19|68|Female|0657 Hardy Port Suite 260 West Keith, MS 62304|Albania|kaylakim@williams.com|2022-05-20 04:50:10|2022-08-15 02:24:04
3609515179|Natalie Wolfe|1979-05-01|45|Male|23330 Jones Stream Apt. 629 Nicoleburgh, VA 29971|Guadeloupe|nataliewolfe@mason.org|2024-03-18 13:41:37|2024-10-10 19:56:11
3608021504|Andrea Oconnell|1968-02-23|56|Female|04809 Allison Center North Kristinland, MI 54635|Burkina Faso|andreaoconnell@hotmail.com|2022-07-06 16:27:47|2023-05-28 18:09:12
9845391796|Daniel Murray|1987-05-04|37|Female|6290 Richardson Roads Suite 061 New Scott, TX 98090|Iraq|danielmurray@hotmail.com|2023-06-23 00:15:34|2024-08-15 10:15:54
2987235211|Mary Fleming|1990-07-11|34|Female|549 Walton Squares New Destinychester, MD 55229|Luxembourg|maryfleming@wright.com|2023-06-28 09:19:49|2024-12-31 07:30:54
8619760924|Allison Wilkins|2005-06-09|19|Male|317 Eric Shore West Stevenborough, TX 38902|Wallis and Futuna|allisonwilkins@hotmail.com|2024-06-13 15:03:43|2024-09-28 22:14:56
7818730724|Joseph Mitchell|1978-09-07|46|Male|97949 Montoya Plains New Edwardville, DC 31865|Holy See (Vatican City State)|josephmitchell@smith-nichols.com|2023-07-24 10:52:23|2024-04-14 12:30:24
7970987151|Amanda Beck|1968-12-10|56|Male|841 Lindsey Circle Lake Richardtown, MA 06201|Korea|amandabeck@gmail.com|2024-10-27 12:36:53|2024-11-10 04:38:38
6925231605|Tracy Cunningham|1953-03-25|71|Male|917 Romero Tunnel Bryantberg, WY 48980|Cuba|tracycunningham@hotmail.com|2023-01-16 12:06:50|2024-12-19 23:46:12
7273104564|Christopher Walton|1964-01-26|60|Female|5311 Patel Courts Apt. 038 West Cherylfort, OR 72773|French Guiana|christopherwalton@watts-gonzalez.com|2023-01-11 00:26:08|2023-12-12 06:17:20
0455882647|Tina Brown PhD|1988-07-13|36|Female|5013 Green Manors Rhodeschester, SD 29810|Georgia|tinabrownphd@gmail.com|2024-10-12 22:26:34|2024-11-26 11:48:16
7096277477|Julie Friedman|1968-02-07|56|Male|USS Johnson FPO AA 35041|Zimbabwe|juliefriedman@hotmail.com|2025-01-10 14:37:45|2025-01-11 00:41:06
3538264633|Emily Castillo|1977-04-23|47|Male|806 Amy Mills Suite 499 Codytown, TN 71203|Egypt|emilycastillo@gmail.com|2022-05-18 00:20:37|2024-09-21 04:37:59
6955378245|Gregory Morris|2003-06-14|21|Male|4344 Kimberly Coves West Stephanie, LA 56507|Mongolia|gregorymorris@yahoo.com|2024-12-29 11:19:13|2025-01-10 23:35:25
3916898116|Jay Smith|1975-08-21|49|Male|79808 Lopez Prairie Apt. 281 Charlesborough, AK 70545|Northern Mariana Islands|jaysmith@ramirez.net|2023-12-23 21:44:36|2024-06-11 06:03:10
9597545170|Hannah Griffith|1952-06-27|72|Female|08678 Chavez Squares New Melissa, NJ 75356|Swaziland|hannahgriffith@yahoo.com|2023-01-28 06:39:56|2023-02-27 20:38:54
8379839827|John Reyes|1964-02-28|60|Male|0320 Olson Track Kimberlymouth, OR 59737|Burundi|johnreyes@yahoo.com|2022-05-10 10:04:14|2022-11-22 06:24:33
1108627388|Shannon Estes|1977-10-24|47|Male|6221 Burton Courts Andersonville, SC 36373|Romania|shannonestes@yahoo.com|2023-08-25 04:07:41|2023-11-25 08:51:22
8156744356|Douglas Thomas|1998-11-24|26|Male|USS Guerrero FPO AA 94991|Anguilla|douglasthomas@johnson.biz|2022-10-23 12:16:56|2024-03-07 08:40:00
5754982727|Emily Wilson|1961-08-29|63|Male|6656 Hodges Club Smithport, CO 94955|Timor-Leste|emilywilson@meza-mack.com|2022-02-19 07:09:57|2022-09-05 01:38:33
7758469248|Kelsey Robertson|1988-10-31|36|Male|Unit 8342 Box 1666 DPO AE 05096|Pakistan|kelseyrobertson@yahoo.com|2022-09-14 11:31:43|2023-08-30 08:24:31
6586599544|Shane Brown|1964-03-30|60|Female|14346 Pena Road Port Hannahchester, NM 77512|Bangladesh|shanebrown@yahoo.com|2023-07-30 07:57:13|2024-07-12 10:53:39
6210114411|April Williams|1958-03-17|66|Male|89079 Doyle Stream Apt. 729 North Danielland, CO 09275|Myanmar|aprilwilliams@armstrong.com|2022-07-21 21:42:23|2024-03-26 23:02:41
8270053941|Robert Williams|1951-05-26|73|Male|3749 Hanson Street Jamestown, ID 71465|Tuvalu|robertwilliams@gmail.com|2023-08-17 09:19:22|2023-10-07 06:13:43
0931057010|Steven Mason|1993-06-27|31|Male|16820 Hoover Island Lake Catherine, CA 09360|Brunei Darussalam|stevenmason@yahoo.com|2023-03-08 17:52:51|2024-08-31 02:18:31
8586726192|Timothy Rice|1953-01-19|71|Female|65285 Manning Estate North Antonio, OR 91518|Sudan|timothyrice@reyes-fleming.com|2023-06-09 06:24:16|2024-05-22 01:00:51
2253884772|Jacqueline Jackson|1980-07-30|44|Male|5900 Eric Tunnel West Sierra, MA 76228|Ethiopia|jacquelinejackson@gmail.com|2022-08-31 05:27:58|2024-11-04 23:46:56
6195484560|Jodi Arroyo|1989-03-05|35|Male|260 Moore Viaduct Suite 199 Port Taylor, MO 42595|Turkmenistan|jodiarroyo@williams.info|2023-07-17 16:05:50|2023-10-03 21:10:48
7275279644|Edward Goodman|1998-03-24|26|Male|4135 Megan Wells Tammyburgh, CO 89139|Switzerland|edwardgoodman@gmail.com|2024-01-28 17:02:31|2024-06-09 21:22:09
3186734786|Shannon Lee|1982-10-15|42|Male|13059 Kristina Green Hintonhaven, ME 77806|Paraguay|shannonlee@allen.com|2022-01-23 07:39:02|2023-12-28 04:55:19
8523525945|Trevor Harris|1990-04-29|34|Female|9434 Bautista Path North Kenneth, VT 36961|Tajikistan|trevorharris@reyes-christian.net|2024-03-17 09:34:35|2024-12-14 09:17:46
5871982886|Emily Perez|1949-09-23|75|Male|5334 Padilla Mall Suite 793 Lake Rachelport, OH 04904|Equatorial Guinea|emilyperez@gmail.com|2024-01-03 08:33:18|2024-12-14 11:40:29
8032281455|Sean Dominguez|2002-07-11|22|Male|57387 Jennifer View Suite 405 East Timothybury, AZ 96660|Djibouti|seandominguez@yahoo.com|2022-04-06 15:18:10|2024-06-20 06:20:40
8518107642|Kimberly Wilkinson|1959-04-18|65|Male|53937 Craig Green Apt. 630 Port Travisshire, CO 68923|Slovenia|kimberlywilkinson@hotmail.com|2022-07-02 08:18:01|2023-04-13 04:37:21
2328429200|Regina Hebert|1980-06-05|44|Male|48143 Crane Rest Bishopchester, ND 44726|Kyrgyz Republic|reginahebert@evans.com|2022-02-24 20:52:09|2023-09-29 12:58:30
7785047272|Tamara Patton|1997-05-07|27|Female|75996 Short Mills North Connorview, KS 69263|Paraguay|tamarapatton@hotmail.com|2023-03-27 07:13:19|2024-01-16 08:15:46
5129723902|Daniel Charles|1968-09-17|56|Female|Unit 0677 Box 3254 DPO AP 51129|Nepal|danielcharles@wright-benson.info|2024-09-18 08:11:18|2024-10-08 02:40:01
3831373752|Steven Roberts|1980-04-14|44|Male|48000 Kimberly Flat Suite 636 Gibsonport, VT 54937|Greenland|stevenroberts@taylor.com|2023-09-08 04:41:10|2024-12-30 22:15:49
2136232750|Tonya Smith|1974-12-06|50|Male|USS Cardenas FPO AP 52364|Martinique|tonyasmith@yahoo.com|2024-07-18 01:17:22|2024-09-11 06:59:04
5129819701|Shawn Jenkins|2005-10-08|19|Male|USS Mcmillan FPO AE 30859|Malaysia|shawnjenkins@mckinney-bennett.com|2024-11-01 09:23:41|2024-11-23 11:39:44
3345975103|Michele Phillips|1957-01-18|67|Female|78154 Mary Prairie Suite 529 Tuckerside, AL 29347|Tanzania|michelephillips@gmail.com|2022-05-17 08:53:13|2024-06-30 01:57:25
1914366144|Alexandra Smith|1957-10-13|67|Male|25580 Paul Pass Apt. 828 Davisland, AL 61321|Greenland|alexandrasmith@bush-klein.biz|2023-07-21 13:50:57|2023-11-29 06:47:13
5716846526|Hunter Lara|1969-03-23|55|Male|2715 Jacqueline Key West Gabrielle, MS 48533|Gabon|hunterlara@hotmail.com|2023-05-07 04:12:53|2023-09-30 08:29:34
6482250035|Juan Patrick|2001-03-25|23|Male|73634 Murphy Terrace Kristinport, WY 93556|Zambia|juanpatrick@frazier.info|2024-05-31 18:10:24|2024-07-10 13:18:18
0368359074|Natasha Terry|1961-07-13|63|Male|95794 Amber Port Apt. 502 Kyleville, ME 67520|Gambia|natashaterry@yahoo.com|2022-11-18 01:37:47|2024-12-05 12:02:40
2516872578|Laura Allen DDS|1991-05-22|33|Female|0849 Madison Ways Suite 456 West Brian, MT 33427|France|lauraallendds@boyd.net|2023-02-09 16:44:27|2023-04-08 13:13:19
5387172849|Vanessa Smith|1985-03-16|39|Male|520 Wilson Fork Suite 384 Port Virginia, PA 36177|Svalbard & Jan Mayen Islands|vanessasmith@hotmail.com|2023-08-25 20:50:54|2024-02-12 07:13:28
9956323230|Daniel Davis|1967-04-06|57|Male|78841 Davis Forks Brittanyfurt, WA 09046|Saint Pierre and Miquelon|danieldavis@taylor-johnson.com|2022-09-16 07:55:06|2023-06-14 17:31:08
0421690405|Todd Todd|1975-07-02|49|Male|99677 Mays Center Suite 774 New Johntown, GA 37556|Oman|toddtodd@avery.org|2024-01-01 09:06:53|2024-03-23 13:47:49
9330525535|Bethany Robertson|2003-04-27|21|Female|369 King Cliff Apt. 546 Lake Patrick, RI 25435|Monaco|bethanyrobertson@gmail.com|2024-07-06 21:06:29|2024-10-30 22:28:09
1994255839|Kelly Lara|1998-03-19|26|Female|79659 Goodwin Passage Suite 126 Villafurt, OH 13711|Vanuatu|kellylara@hotmail.com|2022-10-19 07:18:25|2023-02-26 22:26:04
5836178738|Joshua Adams|1974-03-10|50|Male|59687 Clark Walk South Jacqueline, SD 38068|Turkey|joshuaadams@sharp.com|2024-03-26 23:40:46|2024-10-27 04:25:01
0253335410|Tina Hayes|1954-07-15|70|Male|801 Michael Lodge Carrborough, DC 02295|Kuwait|tinahayes@hotmail.com|2023-12-27 18:43:10|2024-08-25 09:39:25
6896797361|Joseph Williams|1954-12-07|70|Male|9398 Fox Fort East Andrewport, LA 37553|Estonia|josephwilliams@gmail.com|2022-07-29 07:57:56|2024-11-25 22:31:37
1850870776|Sean Wilcox|1989-08-03|35|Male|55053 Zachary Cove Schultzview, NC 99900|Myanmar|seanwilcox@yahoo.com|2022-08-08 04:26:57|2022-08-12 18:49:53
7881047426|Victoria Gardner|1974-01-03|51|Male|889 Hurst Point Lake Jasminemouth, MT 38944|Grenada|victoriagardner@howard-gay.com|2022-10-03 14:34:17|2023-04-29 13:53:29
3928514409|Brian Good|1967-09-18|57|Male|0881 Miller Spring Apt. 151 West Catherine, AK 02278|Montenegro|briangood@mccoy.com|2022-06-08 21:48:09|2023-08-23 19:40:15
8805209729|Steven Harrington|1985-05-19|39|Female|56458 Stephanie Junction Apt. 973 South Justin, NJ 40821|Heard Island and McDonald Islands|stevenharrington@garza.com|2023-02-25 13:49:28|2024-06-28 07:46:12
0058785845|Anthony Green MD|2001-05-01|23|Male|9997 Michele Stream Suite 336 Lucaston, OK 71958|Haiti|anthonygreenmd@gmail.com|2022-08-02 11:04:21|2022-11-08 15:11:37
5825490946|Lori Keller|2000-02-15|24|Male|5956 Jorge Station Apt. 845 Ryanburgh, ID 79614|Comoros|lorikeller@hotmail.com|2024-01-31 14:36:36|2024-11-10 05:24:48
8653215898|Brad Thompson|1956-05-05|68|Male|7410 Li Spurs Lake Deborahville, CT 96918|Ireland|bradthompson@bryant-medina.biz|2024-12-18 02:23:12|2025-01-07 05:20:55
2073687531|Cassandra Cox|1999-12-12|25|Male|21226 Jermaine Turnpike Whiteside, NM 74115|Saint Barthelemy|cassandracox@hotmail.com|2022-09-17 01:50:36|2024-04-01 16:37:50
9590253340|Christina Shaffer|1958-10-28|66|Male|992 Becker Summit North Sarafurt, AL 15574|Papua New Guinea|christinashaffer@atkins-kelly.biz|2024-10-11 17:02:36|2024-12-13 22:09:44
2799920590|Danielle Coleman|1982-01-01|43|Female|893 Foster Ranch Albertland, MN 98564|Ghana|daniellecoleman@rivers-le.com|2022-06-07 20:03:12|2024-10-02 00:37:45
6839761690|Beth White|1959-12-25|65|Male|8584 Justin Unions North Robertport, NY 55382|Seychelles|bethwhite@yahoo.com|2022-08-18 20:32:15|2023-02-04 08:02:03
6795245001|Ryan Nguyen|2003-01-13|21|Male|615 Thomas Landing Apt. 205 South Johnton, IN 39433|Azerbaijan|ryannguyen@rodriguez.net|2022-07-01 22:45:47|2024-12-23 12:51:58
0353824793|Eduardo Clark|1961-07-18|63|Male|5651 Gonzalez Island Apt. 885 Jamesport, NE 50716|Pitcairn Islands|eduardoclark@hotmail.com|2024-10-29 08:54:34|2024-12-09 01:41:42
4580662488|Michelle Moreno|1981-09-06|43|Male|428 Murphy Brooks Frankland, TN 85556|Kyrgyz Republic|michellemoreno@yahoo.com|2023-01-26 05:10:59|2023-07-23 17:24:11
5224304375|Meagan Bautista|1974-09-26|50|Male|682 Matthew Track Donaldchester, WI 19981|Pitcairn Islands|meaganbautista@hotmail.com|2022-04-14 08:02:35|2023-10-20 00:05:57
6564422971|Michael Mueller|1978-04-23|46|Male|688 Natasha Square Suite 201 West Chadton, OH 29515|Bangladesh|michaelmueller@yahoo.com|2023-05-27 11:54:52|2024-02-13 23:18:24
5812590242|Jonathan Wilson|1984-05-10|40|Male|20963 Charles Fork Port Daniel, KS 40563|Korea|jonathanwilson@gmail.com|2022-11-24 03:07:07|2024-01-28 01:17:37
4434322395|Daniel Garcia|1958-06-12|66|Male|03754 Joseph Passage Tinaborough, CT 34424|Isle of Man|danielgarcia@hotmail.com|2022-04-03 21:47:17|2022-10-08 21:07:41
0563643613|Adam Bautista|1950-09-14|74|Male|USNS Miller FPO AP 98616|Dominican Republic|adambautista@bowers.com|2024-09-20 21:10:53|2024-12-04 16:26:12
4973691394|Jodi Wilson|1974-08-08|50|Female|349 Garcia Highway New Jasonborough, PA 81093|Denmark|jodiwilson@gmail.com|2023-04-23 03:29:11|2023-06-23 08:25:36
1776379714|Susan Love|1950-12-30|74|Male|429 Reyes Junctions Suite 816 Jonathanchester, NV 15503|Morocco|susanlove@kelley.biz|2023-12-02 05:34:17|2024-02-18 05:28:22
5772987714|Robert Williams|1988-03-06|36|Male|983 Robinson Passage Suite 663 Calebfort, GA 34635|Svalbard & Jan Mayen Islands|robertwilliams@gmail.com|2023-02-19 09:23:46|2024-06-18 10:03:41
0609018745|Erika Gill|1968-03-06|56|Female|74161 Williams Forks Apt. 539 Malonefurt, NJ 30372|Eritrea|erikagill@buchanan.com|2022-09-29 08:05:09|2024-03-19 07:08:58
5069478151|Steven Arellano|1957-01-10|68|Male|755 Kimberly Branch New Williamburgh, AZ 90708|Seychelles|stevenarellano@stein-nelson.biz|2025-01-10 09:27:29|2025-01-11 00:32:25
9888634701|Stephen Turner|1994-10-03|30|Male|6314 Douglas Fork Suite 373 Port Bethfort, NE 16601|Belize|stephenturner@gmail.com|2024-06-27 12:23:56|2024-10-05 22:47:56
2777050384|Cassandra Washington|1998-10-15|26|Male|5166 Phillip Camp Suite 447 West Rachel, DC 77022|Tuvalu|cassandrawashington@gmail.com|2023-11-20 22:28:16|2024-05-07 09:21:38
4623476287|Lisa Barnett|1998-07-07|26|Male|14281 James Mews West Sierratown, IL 79372|Saint Vincent and the Grenadines|lisabarnett@hotmail.com|2023-07-08 12:56:26|2024-10-25 08:25:31
4656433548|Rodney Cook|1973-07-22|51|Male|1220 Henry Square Martinville, VA 73605|Luxembourg|rodneycook@yahoo.com|2023-02-26 12:35:59|2024-11-20 20:16:10
2505261043|Jessica Weber|1976-11-05|48|Male|Unit 5488 Box 1342 DPO AE 77198|Dominica|jessicaweber@taylor.com|2022-01-21 06:59:41|2022-10-17 15:13:53
6732385120|Darlene Hall|1972-11-12|52|Male|1249 Perez Wall Amyhaven, VT 17002|San Marino|darlenehall@anderson.org|2024-04-12 06:20:17|2024-11-25 21:01:19
1012944527|Ricky Callahan|1977-02-06|47|Male|3519 Donna Bridge Apt. 418 Maldonadoshire, WI 26688|Turkey|rickycallahan@stevens-harris.com|2022-09-15 14:38:14|2023-09-07 22:38:04
8399060496|Mark Rose|1994-09-27|30|None of Above|334 Jonathan Trail Suite 895 Lake Brandytown, KY 17942|Tuvalu|markrose@yahoo.com|2023-04-19 12:07:18|2023-06-07 23:55:17
2371686530|Mr. Ronald James|2006-08-24|18|Male|3621 Billy Way Port Nathan, ND 76259|Nauru|mrronaldjames@yahoo.com|2023-12-26 19:28:09|2024-02-25 10:50:43
7205276693|Christopher Huffman PhD|1989-09-07|35|Female|1758 Mason Mission Apt. 243 Davidside, WY 14280|Azerbaijan|christopherhuffmanphd@robinson.com|2024-08-27 02:43:55|2024-12-01 21:48:01
3384122349|Joel Wells|1965-02-13|59|Male|USCGC Bradley FPO AE 17103|Gabon|joelwells@yahoo.com|2023-12-19 07:32:37|2024-05-03 10:29:04
8824777648|Wendy Ortiz|1951-08-31|73|Male|5292 Carpenter Stravenue Apt. 939 Brownview, FL 48825|Belize|wendyortiz@mccoy-robinson.com|2023-03-10 19:08:13|2023-12-04 19:14:02
2617578168|Devon Watson|1984-05-09|40|Male|99879 Brooks Key East Roberthaven, OR 44742|India|devonwatson@yahoo.com|2022-09-29 18:34:04|2024-06-08 04:42:10
3957134016|Madison Ruiz|2004-09-01|20|Male|5373 Gay Vista Apt. 264 West Donald, NH 19129|Latvia|madisonruiz@hotmail.com|2022-06-13 01:52:34|2024-07-09 15:54:11
5325712715|Bradley Dennis|1958-08-10|66|Female|2366 Harris Views Apt. 459 Aliciatown, DC 40478|Bosnia and Herzegovina|bradleydennis@jordan.biz|2023-05-05 03:37:12|2024-12-25 06:53:36
0088850591|Stephanie Butler|1969-01-01|56|Female|2307 Valenzuela Meadow Apt. 012 Christophertown, NH 65869|Mayotte|stephaniebutler@daugherty-johnston.com|2023-05-28 21:35:18|2024-01-21 17:15:10
7941292084|Daniel Ali|1951-05-13|73|Female|415 Davis Hill Rodriguezstad, VA 65831|China|danielali@pope.com|2023-04-24 19:45:11|2023-07-21 04:01:26
4814936994|Lauren Phillips|1967-06-29|57|Male|92928 Ray Walk New Donna, WY 47271|Pitcairn Islands|laurenphillips@yahoo.com|2023-08-03 14:31:34|2024-11-22 07:52:55
6763186017|Ashley Anderson|1951-05-19|73|Male|686 Mario Stravenue Suite 623 Blackwellstad, KS 84245|Belgium|ashleyanderson@hotmail.com|2024-03-19 05:02:21|2024-06-20 16:06:23
3979527891|Christopher Gonzalez|1995-10-16|29|Male|9470 Green Manor North Briannahaven, IA 59349|Korea|christophergonzalez@hotmail.com|2023-06-14 02:34:34|2023-06-15 20:50:53
7430232376|Betty Collier|1971-09-05|53|Female|71328 Campbell Locks Suite 255 Meyerbury, DE 70167|Korea|bettycollier@gmail.com|2022-10-28 21:15:29|2023-09-20 20:32:12
7867022968|Sharon Alvarez|1998-03-16|26|Male|00050 Lawrence Valley Apt. 172 Johnsonview, FL 39417|Cyprus|sharonalvarez@harris.net|2022-08-25 05:33:41|2024-10-02 20:19:13
2942803540|Lisa Gregory|1949-08-09|75|Female|47197 Alan Viaduct South John, SC 89149|Canada|lisagregory@liu-rodriguez.com|2023-09-11 14:57:38|2024-08-25 09:08:14
9168369336|Bruce Taylor|1970-03-13|54|Male|2711 Kimberly Mountain Suite 039 West Edwardport, LA 25432|Martinique|brucetaylor@drake.info|2023-04-13 22:47:46|2023-06-09 22:35:17
5408084539|Lisa Warren|1952-10-17|72|Male|2830 Hubbard Drive Lake Tony, NJ 62903|Iran|lisawarren@smith-perry.net|2023-02-18 00:33:18|2024-06-21 17:38:34
2670399332|Kristen Ramirez|1970-02-01|54|Male|USNS Knox FPO AP 59700|Monaco|kristenramirez@copeland-perez.com|2024-10-21 12:40:52|2024-12-01 19:50:29
4687190028|Christopher Jones|1952-11-02|72|Male|082 Simpson Rapids Suite 211 West Morgan, AR 71466|Morocco|christopherjones@hotmail.com|2022-01-03 08:59:11|2023-08-22 21:29:37
5984370470|John Wallace|1954-11-21|70|Female|3845 Cory Summit Apt. 464 Tuckerchester, PA 70632|Svalbard & Jan Mayen Islands|johnwallace@hotmail.com|2022-11-15 18:49:16|2024-02-08 00:29:03
1885409752|Anna Hansen|1966-05-12|58|Male|96739 Carolyn Park West Mark, IL 50004|Afghanistan|annahansen@yahoo.com|2022-04-13 19:01:02|2023-02-17 12:48:14
6348411826|Julie Mathews|2003-06-27|21|Male|527 Hess Route South Christopher, KS 18883|Martinique|juliemathews@gmail.com|2023-08-24 00:11:38|2024-09-22 08:59:59
2166405721|Jonathan Banks|2002-11-11|22|Male|7198 Montoya Spur Suite 198 East Deborah, WI 43701|British Virgin Islands|jonathanbanks@velasquez-park.com|2023-05-28 07:00:21|2024-03-05 08:08:00
6562618196|Michael Brooks|2004-11-26|20|Male|81925 Rivera Throughway Apt. 435 Port Michaelbury, GA 32992|Martinique|michaelbrooks@montgomery.com|2024-06-19 12:09:53|2024-08-07 03:49:16
3274560092|Courtney Smith|1993-08-05|31|Male|16269 Gutierrez Shoals South Richardfort, MD 89089|Bermuda|courtneysmith@gmail.com|2024-06-17 14:42:24|2024-07-22 08:03:21
8354903415|Jennifer Perry|1995-09-01|29|Male|3647 Michelle Expressway New Robertville, MT 89277|Switzerland|jenniferperry@gmail.com|2023-05-26 21:03:37|2023-09-08 04:13:47
5568536432|Samuel Crawford|1959-09-30|65|Male|911 Ashley Pine Rossfurt, CO 49223|Slovakia (Slovak Republic)|samuelcrawford@yahoo.com|2023-04-26 11:40:37|2024-11-07 20:43:26
8078139585|Tara Shaffer|1993-03-28|31|Female|USCGC Brown FPO AE 07074|United States Minor Outlying Islands|tarashaffer@coffey-garrett.com|2022-11-17 23:37:18|2024-11-02 02:04:53
4796014881|Alvin Copeland|2002-09-07|22|Male|42421 Eugene Harbors South Wendytown, GA 05963|Bahamas|alvincopeland@abbott.biz|2023-04-26 15:39:20|2024-08-07 23:19:27
4667615740|Andrew Kelly|1986-09-13|38|Male|557 Dixon Meadow East Alicia, NE 65709|Chad|andrewkelly@smith.biz|2023-09-12 16:29:53|2024-05-06 04:20:26
2123068690|Danielle Bates|1984-03-29|40|Male|9531 Shaw Fort Suite 206 Lake Juliebury, DC 96067|United States of America|daniellebates@morales-roberts.net|2022-09-29 22:49:55|2024-09-25 08:20:05
7406393367|Cody Gonzalez|1964-07-07|60|Male|138 Stewart Glen Apt. 591 South Lauren, ME 87460|Senegal|codygonzalez@yahoo.com|2023-10-20 14:24:59|2024-04-20 18:16:34
4687091939|Alexandra Anderson|1967-05-15|57|Male|24448 Johnson Prairie Suite 433 Hardymouth, LA 58088|Honduras|alexandraanderson@clark-anderson.com|2024-12-07 16:58:10|2024-12-29 06:59:40
3961627567|Grace Hamilton|1995-03-15|29|Female|761 Yvonne Tunnel Markfort, MS 43776|Mongolia|gracehamilton@haynes.info|2024-04-02 04:22:31|2024-07-15 06:16:25
8101220907|Billy Barrera|1973-05-08|51|Male|USS Roberts FPO AA 50868|Rwanda|billybarrera@yahoo.com|2023-06-18 06:03:23|2024-04-07 01:52:33
9502933807|Kevin Jordan|1982-06-24|42|Male|7142 Richard Station Apt. 780 South Donald, OK 61415|Cameroon|kevinjordan@gmail.com|2022-07-17 00:08:00|2022-10-22 20:54:33
7266838284|Melissa Bradley|1953-08-31|71|Male|2108 Ferguson Plains Apt. 184 Adamsland, ND 70067|Saint Lucia|melissabradley@harvey-butler.org|2023-05-11 13:52:38|2024-08-13 05:07:35
8301031202|Michele Stone|1959-11-28|65|Female|547 Harper Burgs Gilberttown, AR 57923|Aruba|michelestone@coleman.com|2024-09-05 22:38:47|2024-12-24 11:54:14
0785928474|Veronica Bond|1978-05-13|46|Male|182 Jeffery Spring North Emilybury, OH 44182|Mayotte|veronicabond@gmail.com|2023-06-13 05:40:49|2024-12-30 11:46:39
4361853523|Cheryl Johnson|1995-07-11|29|Male|9526 Melissa Islands Port Kevinmouth, SD 71992|Fiji|cheryljohnson@gmail.com|2022-10-24 12:09:45|2024-04-16 05:47:38
9586566541|Sydney Chaney|1959-10-27|65|Female|47443 Penny Stravenue Port April, WY 71979|Serbia|sydneychaney@aguilar-franklin.com|2022-01-08 03:41:21|2024-03-13 15:33:06
2284398889|David Reed|1975-11-27|49|Male|555 Long Course North Juanhaven, MS 94115|Kenya|davidreed@yahoo.com|2024-10-11 22:28:52|2024-10-29 04:33:09
8456318103|Dr. Lindsey Edwards|1993-11-07|31|Male|164 Cody Shore Suite 815 Davidfurt, UT 33927|Moldova|drlindseyedwards@myers.com|2024-10-22 02:30:55|2024-12-12 05:13:09
5828203276|Cheryl Tanner|1961-10-05|63|Male|854 Flores Plaza New Isabellaton, IA 41584|Tonga|cheryltanner@gibbs.com|2023-04-17 01:52:22|2023-06-04 11:07:20
4675525092|Natalie Taylor|1978-02-02|46|Male|2871 Louis Landing Suite 971 New Alisonstad, MA 66828|Marshall Islands|natalietaylor@gmail.com|2023-02-21 22:47:21|2024-09-22 23:34:43
3295785795|Eric Wilson|1976-06-08|48|Male|603 Hannah Lock North Rachael, LA 19202|Denmark|ericwilson@hardy.info|2022-07-22 11:54:02|2022-09-08 12:03:10
4220129046|Veronica Caldwell|1976-04-30|48|Female|150 Anthony Estate Apt. 279 Timothystad, NE 25025|Botswana|veronicacaldwell@thompson.net|2022-08-09 16:26:10|2024-07-23 01:19:00
9789937927|Michael Woods|1950-11-09|74|Male|Unit 4486 Box 8323 DPO AE 99613|Cook Islands|michaelwoods@gmail.com|2022-03-13 08:21:55|2022-07-08 23:57:35
7670475923|John Davis|1986-04-01|38|Male|5263 Melinda Plain Apt. 807 Jenniferside, LA 00778|Brunei Darussalam|johndavis@richards-murray.org|2022-03-09 03:59:06|2023-10-25 05:29:59
9589309229|Kevin Sanchez|1961-06-11|63|Female|90680 Guzman Vista Timothyborough, MA 12030|Pitcairn Islands|kevinsanchez@yahoo.com|2023-07-30 19:06:53|2023-10-17 22:58:22
6658793511|Hector Shaw|1962-12-02|62|Female|32108 Michael Parks New Howardton, PA 51824|Egypt|hectorshaw@stokes.biz|2024-03-27 07:36:27|2024-12-03 01:45:32
4982216062|Stephen Wells|1996-08-04|28|Male|PSC 1511, Box 3306 APO AA 08861|Montenegro|stephenwells@hotmail.com|2024-01-03 14:44:29|2024-08-16 00:40:44
3059740842|Anthony Perez|1953-01-24|71|Male|4903 Morgan Heights Suite 095 Barkerstad, AZ 42657|Ecuador|anthonyperez@gmail.com|2023-12-09 10:53:38|2025-01-02 02:32:23
7585079631|Barry Christensen|1963-09-11|61|Male|2134 Ross Crossing Amandachester, NJ 83354|Costa Rica|barrychristensen@hotmail.com|2022-01-25 23:44:28|2024-05-03 07:44:16
5763420289|Beth Thompson|1957-06-14|67|Male|99310 Michael Shore Apt. 429 East Nancyfort, AL 99462|Namibia|beththompson@gmail.com|2023-09-02 03:18:20|2024-02-06 14:30:43
7034380720|Alexandra Carpenter|1985-03-26|39|Male|38547 Stephanie Viaduct Port Lori, MN 94875|Ghana|alexandracarpenter@newman.org|2022-10-04 11:25:24|2024-09-27 04:27:36
7867330596|Debra Elliott|1979-10-03|45|None of Above|173 Thomas Harbors Lauraburgh, AR 12026|Serbia|debraelliott@yahoo.com|2022-07-01 21:30:23|2024-10-28 18:32:17
5699766246|Amanda Stewart|1961-05-26|63|Female|5324 Luke Spring Suzanneville, PA 89119|Mexico|amandastewart@hotmail.com|2024-07-04 09:24:02|2024-11-13 19:59:04
9007839003|Heidi Matthews|1981-08-12|43|Male|236 Burgess Extensions North Andrealand, CA 60469|Malaysia|heidimatthews@yahoo.com|2022-08-29 00:27:16|2024-06-03 10:34:24
2311981151|David Morrow|2003-02-19|21|Male|381 Colleen Light Taylorfort, ID 70563|Sweden|davidmorrow@taylor.com|2024-04-16 02:41:04|2024-12-04 20:04:56
4151031070|Kendra Carter|1976-09-27|48|Male|783 Joseph Station Baldwinchester, NH 44199|Italy|kendracarter@wood-lee.com|2022-01-12 01:11:31|2023-11-10 22:25:06
5196215693|Angela Swanson|1952-10-02|72|Male|5872 Bradley Squares Apt. 894 Danielview, FL 92789|Ecuador|angelaswanson@clark.com|2022-02-10 16:26:09|2023-09-14 03:22:16
7751749693|Cynthia Ortiz|2006-06-04|18|Male|41414 Tonya Shore Suite 858 South Christian, IN 29812|Samoa|cynthiaortiz@rodriguez.com|2022-11-22 05:48:51|2024-01-07 12:37:06
9214983503|Debra Williams|1974-07-22|50|Male|71046 Nicholas Viaduct Melissatown, KY 62807|Kiribati|debrawilliams@gmail.com|2022-01-07 20:09:39|2024-01-04 09:07:02
3649135095|Christopher Bass|1952-11-04|72|Male|6347 Dickerson Mountain Apt. 215 East Danielborough, ME 86290|Swaziland|christopherbass@hotmail.com|2022-10-12 18:53:07|2024-02-07 00:06:59
9158605491|Christopher Turner|2004-12-08|20|Male|58124 Angelica Land Port Elizabethfurt, WI 76495|Cyprus|christopherturner@hotmail.com|2023-12-28 18:45:18|2024-08-01 09:58:00
4666431990|Brian Anderson|1999-05-06|25|Male|72949 Padilla Loaf East Paigestad, VT 98379|Martinique|briananderson@hansen.biz|2022-12-20 01:19:22|2024-07-18 17:31:17
5182491977|Brad Villarreal|1987-07-31|37|Male|459 Nunez Plain Suite 476 East Gary, HI 03041|United States Virgin Islands|bradvillarreal@hernandez.biz|2022-08-28 03:53:10|2023-08-01 19:47:58
4109495801|Patrick Johnson|1954-01-16|70|Female|262 Christina Lakes Andrewborough, AR 50090|Germany|patrickjohnson@thompson.com|2023-02-18 10:51:49|2024-04-19 13:50:52
0906670761|Suzanne Cervantes|1963-07-25|61|Male|0072 Cody Shore Apt. 653 Brendachester, WA 68872|El Salvador|suzannecervantes@green.com|2023-10-13 17:27:23|2023-11-27 01:48:21
4223312390|Willie Mckinney|2005-05-01|19|Male|PSC 6438, Box 9810 APO AE 96711|Cayman Islands|williemckinney@vasquez.com|2022-10-21 01:36:54|2025-01-10 13:05:12
9401334807|Emily Gonzalez|1997-06-18|27|Male|334 Jonathan Lights Suite 451 Lake Daniel, GA 46253|Cuba|emilygonzalez@johnson.com|2022-05-06 16:24:17|2023-07-15 10:05:51
3477059924|Teresa Hudson|1982-11-13|42|Female|USNV Peck FPO AE 30995|Saint Lucia|teresahudson@harris.com|2023-02-17 07:23:17|2024-10-16 03:42:52
4458490486|Luke Mayo|1974-02-01|50|Male|52176 Mosley Underpass Robertsonshire, LA 60470|Botswana|lukemayo@yahoo.com|2024-02-29 17:51:24|2025-01-04 01:57:29
2536459077|Jon Copeland|1981-02-04|43|Male|37586 Owens Parkway Suite 582 Taylorshire, HI 69566|Western Sahara|joncopeland@gmail.com|2024-07-02 17:07:08|2024-12-17 19:10:04
2907384664|Lindsey Lopez|1951-12-27|73|Male|43097 Gaines Burg Suite 646 Port Ashley, AZ 59352|Jamaica|lindseylopez@guzman-york.net|2023-05-21 02:51:40|2023-09-13 23:44:06
1698928611|Sandra Simmons|1978-12-17|46|Female|3296 Victor Mount Bowenville, MA 54763|Samoa|sandrasimmons@ortega.com|2022-06-12 12:34:33|2024-05-03 06:50:18
4226064648|Curtis Cunningham|1964-04-15|60|Female|663 Shannon Club Allisonton, NC 21738|Suriname|curtiscunningham@yahoo.com|2023-12-23 17:07:52|2024-08-31 03:09:00
2531701873|Melissa Olsen|1981-11-17|43|Female|09532 Garza Crest Apt. 517 Aliciafurt, AR 91054|Saint Martin|melissaolsen@yahoo.com|2023-01-07 10:39:04|2024-12-06 04:05:02
8494718961|Kimberly Owens|1949-08-04|75|Male|926 Sheila Ville Suite 595 New Christopher, DE 93112|Bangladesh|kimberlyowens@davis.org|2022-06-26 21:20:04|2024-12-12 02:39:50
7067776604|Nicole West|1949-09-02|75|Female|73527 Murphy Inlet Suite 250 Edwardchester, NH 88220|Egypt|nicolewest@briggs.com|2024-01-09 17:50:22|2024-07-24 23:11:57
3478699574|Michelle James|1956-12-27|68|Male|94588 Alexis Mews Apt. 630 Lisashire, MS 03528|Macao|michellejames@hotmail.com|2023-01-17 21:40:26|2023-02-15 15:34:14
3351739574|Brian Rogers|2005-12-25|19|Male|315 Kyle Mews Suite 152 North Johnberg, MA 61085|Ecuador|brianrogers@kennedy.com|2023-08-05 12:35:07|2024-06-23 15:36:22
0725618731|Edward Johnson|1985-01-30|39|Male|265 Billy Land Apt. 969 Morrisonfurt, NJ 34545|Liberia|edwardjohnson@gonzalez-clark.net|2024-08-11 23:27:20|2024-08-30 15:37:53
5454953844|Justin Shepard|1980-01-10|45|Male|9698 Samantha Squares Carterfurt, AL 24818|Bulgaria|justinshepard@ramirez.org|2024-06-02 04:02:16|2024-06-22 23:48:17
1903508271|Tony Brown|1992-07-23|32|Female|8460 Haley Key Suite 357 Spencermouth, AK 96041|South Georgia and the South Sandwich Islands|tonybrown@yahoo.com|2023-05-06 22:16:09|2023-12-01 23:18:50
4416355660|Shannon Hudson|1993-04-12|31|Female|67672 Walter Locks Kerrfort, DE 21694|Finland|shannonhudson@yahoo.com|2022-07-25 04:59:46|2024-01-27 13:41:37
0922008047|Mrs. Amy Franklin MD|1962-08-22|62|Male|74157 Kathryn Trace Apt. 505 East Markville, ND 07435|Romania|mrsamyfranklinmd@hotmail.com|2024-08-24 05:23:12|2024-09-11 08:22:52
3230399210|Lindsay Torres|1959-05-28|65|Male|30111 Castro Forest Lake Rhonda, CA 61187|Denmark|lindsaytorres@bray-strickland.com|2023-08-20 00:57:55|2024-12-04 07:10:26
8554610332|Carla Bray|1976-02-03|48|Male|01731 Newman Harbors New Sharonberg, WV 89595|Faroe Islands|carlabray@gmail.com|2022-08-16 18:30:20|2023-02-03 02:12:58
0784573812|Rachel Lozano|1973-08-23|51|Female|2727 Smith Spur Port Jeremy, DC 05658|Libyan Arab Jamahiriya|rachellozano@yahoo.com|2023-06-18 11:49:01|2024-07-19 22:49:01
9761055063|Catherine Wheeler|2001-12-20|23|Male|3401 Wallace Stream Suite 568 East Markhaven, KY 38377|Mozambique|catherinewheeler@yahoo.com|2024-05-06 14:50:13|2024-10-01 08:58:24
6143462348|Melvin Owen|1975-12-30|49|Female|5456 Dustin Coves Jonathonview, IA 65186|Slovakia (Slovak Republic)|melvinowen@mclaughlin.com|2024-07-05 17:51:06|2024-10-10 17:37:40
4469924279|Matthew Murray|1949-03-29|75|Female|074 April Union Suite 226 New Dianamouth, NY 54866|United States of America|matthewmurray@yahoo.com|2024-07-08 14:49:01|2024-11-27 11:17:34
2599541989|Kathleen Clark|1984-08-17|40|Male|73703 Tammy Hill Apt. 557 Wellsborough, TX 91654|Norway|kathleenclark@gmail.com|2022-07-09 16:48:31|2024-08-02 19:13:08
2554189981|Matthew Dean|1995-12-04|29|Male|33345 Wolfe Plaza Suite 193 West Lindaview, MA 03315|Sierra Leone|matthewdean@combs-daniel.com|2024-02-27 04:05:15|2024-10-22 20:26:08
1281880035|Todd Martin|1963-03-29|61|Male|4836 Young Neck Port Christinaville, WI 56991|Rwanda|toddmartin@yahoo.com|2024-03-04 12:33:05|2024-04-07 12:04:14
3286219380|Richard Moody|1971-12-25|53|Male|883 Patterson Rest South Richard, OK 93101|Indonesia|richardmoody@thompson.com|2024-05-04 18:34:41|2024-11-27 10:45:42
8636964916|John Booker|2006-01-06|19|Male|USCGC Waters FPO AE 54147|Northern Mariana Islands|johnbooker@yahoo.com|2024-11-07 13:53:33|2024-12-10 05:50:46
2377780698|Jerry Anderson|1984-06-17|40|Male|495 Shawn Pines Apt. 015 East Angelicaburgh, RI 28803|China|jerryanderson@gmail.com|2022-09-15 19:16:36|2023-03-21 14:14:25
6574482310|Christopher Smith|1977-12-27|47|Male|7230 Jeffery Wall Apt. 135 North Matthew, DE 75844|Saint Helena|christophersmith@brewer-jones.com|2022-02-03 14:53:03|2024-07-24 07:29:07
4283721168|Nicole Hill|1986-12-13|38|Male|16762 Williams Mountains Moodyburgh, SC 37830|China|nicolehill@morris.org|2023-03-18 19:52:01|2024-01-30 02:29:39
8819733395|Tyler Hodge|1977-06-07|47|Female|98434 Turner Mountain Apt. 407 Fitzgeraldchester, MS 10223|Azerbaijan|tylerhodge@costa.com|2024-04-17 13:16:39|2024-10-07 15:35:06
9549952424|Melissa Adams|2003-01-25|21|Male|01581 Randy Forges Aliciatown, WY 10275|Sri Lanka|melissaadams@wong.net|2023-03-03 23:59:24|2023-07-18 14:58:51
8193546595|Michael Jones|1957-02-17|67|Male|883 Carolyn Roads Suite 839 Alexisbury, TX 99096|Netherlands|michaeljones@gmail.com|2022-07-06 08:38:40|2024-10-08 00:35:07
5733847359|Brian Gonzalez|1988-02-09|36|Male|449 Danielle Pike Apt. 572 Popebury, WA 38221|Ireland|briangonzalez@yahoo.com|2022-07-09 14:39:47|2023-01-22 22:20:08
5877503267|Haley Mcpherson|1950-03-03|74|Male|83287 Brady Stream Apt. 873 Harperton, NE 80727|Mauritania|haleymcpherson@castillo.info|2024-11-21 09:20:52|2024-12-12 17:42:46
6595519343|Thomas Bryant|1966-04-08|58|Male|8295 Hopkins Fords Suite 114 North Maureen, VA 85200|South Africa|thomasbryant@gmail.com|2022-12-30 12:40:50|2024-10-23 14:11:30
8658286910|Susan Johnston|1978-06-25|46|Male|47716 Jerry Park West Melissaberg, IN 00735|Hungary|susanjohnston@yahoo.com|2022-05-19 15:42:36|2023-04-09 06:31:50
1340155557|William Davis|1991-09-27|33|Male|4730 Colon Mountains Apt. 261 Lake Brandon, MT 03925|Papua New Guinea|williamdavis@cooley.org|2023-04-14 12:03:09|2023-05-16 12:09:01
1516065477|Allison Bailey|1976-02-02|48|Male|328 Chaney Valley Apt. 618 Toddfort, CA 61125|Venezuela|allisonbailey@yahoo.com|2022-01-24 04:07:10|2024-04-02 13:35:53
5703033497|Maria Glass|1964-07-04|60|Male|2933 Gilbert Courts New Lesliefurt, WY 23381|Tajikistan|mariaglass@gmail.com|2023-03-22 20:13:38|2023-09-05 04:23:28
7391117700|Robert Petty|1974-07-12|50|Male|USNV Hicks FPO AP 09744|Saint Barthelemy|robertpetty@walker.org|2024-02-08 03:25:48|2024-04-17 00:51:40
0671791884|Susan Brown MD|1971-07-24|53|Male|474 John Place Lake Christopher, ID 84834|Svalbard & Jan Mayen Islands|susanbrownmd@oconnor.net|2023-04-23 13:27:06|2024-07-05 20:00:07
5485104303|Kathleen Miller|1984-01-18|40|Female|472 Julie Lane Sandraview, DE 59830|Bulgaria|kathleenmiller@casey.biz|2023-03-28 23:15:52|2023-04-04 13:35:00
7938836675|Dale Kelly|1983-04-28|41|Male|209 Justin Radial Sandraberg, VT 44254|Jamaica|dalekelly@smith-garza.net|2024-10-05 14:16:55|2024-10-19 05:01:40
6845334722|Kathleen Thomas|1951-10-12|73|Male|126 Shelly Plaza Suite 386 Chenfort, CA 53737|Morocco|kathleenthomas@kelley.com|2023-10-16 10:00:52|2024-06-25 11:47:14
6262871721|Jessica Tapia|1983-09-10|41|Male|Unit 9666 Box 7164 DPO AE 91598|Ecuador|jessicatapia@gmail.com|2022-01-16 08:22:23|2024-11-21 07:36:43
8573363826|Tracey Ross|1982-11-24|42|Male|Unit 0964 Box 2170 DPO AP 23054|Comoros|traceyross@kline-williams.info|2024-03-11 19:35:50|2024-11-27 09:33:44
4863876851|Tanya White|1961-07-08|63|Male|6084 Alvarez Estate Ellisburgh, SD 04960|Tokelau|tanyawhite@skinner.biz|2024-06-17 21:23:13|2025-01-05 17:33:11
7576654305|Sharon Buckley|1965-12-02|59|Male|13022 Copeland Park South Pamela, OK 54739|Canada|sharonbuckley@gmail.com|2024-01-16 20:03:50|2024-12-15 04:33:30
5241589111|Sarah Crane|1992-12-11|32|Male|53914 Jackson Isle Apt. 310 Brianview, WV 89057|Tonga|sarahcrane@yahoo.com|2023-01-04 19:40:11|2024-09-08 07:16:26
9821667021|Joshua Blair|1967-12-29|57|Female|1704 Christian Mountain Pamelaborough, NY 54261|Netherlands Antilles|joshuablair@ramos-jackson.net|2022-09-21 13:33:44|2024-02-17 13:04:34
9630584298|Timothy Carter|2006-12-16|18|Male|9696 Michelle Skyway Suite 032 New Alison, OH 15397|Yemen|timothycarter@gmail.com|2024-09-28 04:34:51|2025-01-02 05:33:19
0037930792|Lance Ray|1963-08-17|61|Male|4301 Lindsay Trail East Danielfurt, AR 63685|South Africa|lanceray@harrington.com|2023-08-19 05:07:37|2024-03-16 08:32:12
9988301732|Todd Schneider|1966-09-27|58|Male|3097 Amanda Terrace Suite 425 Harrisonbury, WI 37062|Uruguay|toddschneider@richmond-wright.net|2024-07-06 04:56:34|2024-07-21 00:45:48
0390089596|Alex Bates|1999-10-01|25|Male|2896 Martinez Mountains West Jason, CT 99930|Croatia|alexbates@hotmail.com|2024-01-19 02:32:22|2024-04-16 00:58:52
4967270234|Laura Perry|1997-03-01|27|Female|081 Miller Points Suite 701 Port Lynnbury, NE 31264|Lesotho|lauraperry@yahoo.com|2023-11-14 14:35:48|2024-06-24 12:16:58
7529823781|Kristy Riddle|1992-06-16|32|Female|47668 Sara Court Frankstad, NM 04516|Lebanon|kristyriddle@gmail.com|2023-06-06 11:14:45|2025-01-03 21:21:16
7064835926|April Barrett|1987-07-25|37|Male|9055 Roach Heights Apt. 816 West Benjaminside, AZ 71343|Zimbabwe|aprilbarrett@jordan-williams.com|2024-08-12 00:40:59|2024-12-17 17:46:19
8287775163|Brittany Butler|1963-01-28|61|Female|USNV Howard FPO AA 59152|Brunei Darussalam|brittanybutler@hotmail.com|2024-04-15 13:35:51|2024-04-30 21:42:19
3760826468|Ms. Ashley Herrera|1961-04-27|63|Female|84172 Kathryn Mount Suite 224 Rodriguezland, GA 04395|Saint Helena|msashleyherrera@yahoo.com|2022-11-28 05:01:22|2024-05-07 07:59:50
9719606511|Aaron Bryant|1974-07-26|50|Female|01195 Stephens Road South Christophermouth, PA 09185|Eritrea|aaronbryant@cooper.com|2022-12-21 16:14:54|2023-11-15 08:42:23
4819505208|Julie Ramirez|1977-03-22|47|Female|USNS Sullivan FPO AE 45078|Ireland|julieramirez@gmail.com|2023-10-09 21:31:14|2024-05-02 21:29:22
0929211779|Meghan Hurley|1973-07-09|51|Male|USNS Garcia FPO AP 48836|Mongolia|meghanhurley@turner.com|2024-08-01 09:50:26|2024-12-28 00:33:50
7561121757|Cheyenne Bennett|1967-11-04|57|Male|Unit 3233 Box 3663 DPO AP 27396|Colombia|cheyennebennett@lee.com|2024-05-14 04:26:27|2024-11-19 11:10:06
7777452418|Christy Parsons|1973-12-13|51|Male|1069 Cynthia Spring Apt. 333 Charlesport, NV 19945|Kuwait|christyparsons@roy.com|2024-01-27 20:22:22|2024-09-11 07:37:30
6801812866|Natasha Allen|1970-06-14|54|Male|PSC 4074, Box 8357 APO AE 29848|Northern Mariana Islands|natashaallen@alexander.info|2023-09-06 16:39:03|2024-09-18 10:59:07
6958561037|Vincent Smith|1967-06-30|57|Male|Unit 6964 Box 9334 DPO AP 75698|Kenya|vincentsmith@riddle-horn.com|2022-10-16 13:10:17|2024-02-02 11:37:49
5766658712|Jordan Morgan|1978-07-25|46|Male|159 Samantha Forest Apt. 521 West Emily, SC 47350|United States Virgin Islands|jordanmorgan@yahoo.com|2023-07-21 00:24:16|2023-11-30 23:50:01
5805697360|Nichole Jarvis|1953-10-13|71|Female|1211 William Ramp Murphyfurt, AL 11897|Ghana|nicholejarvis@yahoo.com|2022-02-11 19:16:08|2023-06-20 23:19:50
4244586693|Christopher Jordan|1968-02-15|56|Female|137 Liu Dale Suite 466 Lake Janet, SC 38790|Swaziland|christopherjordan@hotmail.com|2024-09-28 06:10:23|2024-10-16 16:54:29
2781848108|Kenneth Combs|2003-04-24|21|Female|6951 Tara Centers Matthewhaven, IN 39752|Gabon|kennethcombs@fernandez-mccoy.com|2023-08-31 20:49:17|2023-12-27 16:22:35
7833412819|Thomas Smith|2001-09-30|23|Male|9317 Carla Villages Apt. 542 Rebeccashire, MI 36442|Falkland Islands (Malvinas)|thomassmith@gmail.com|2023-10-05 09:44:48|2024-03-24 13:47:33
4374982732|Anna Brown|1997-04-15|27|Female|9780 Erickson Heights Port Darinmouth, TX 55158|Rwanda|annabrown@gmail.com|2025-01-02 20:49:09|2025-01-03 12:26:09
5610690698|Walter Hardy|1951-09-22|73|Male|USS Haynes FPO AP 29715|Kyrgyz Republic|walterhardy@hotmail.com|2023-03-24 02:04:44|2024-03-23 07:59:46
4802736977|Mary Martinez|1995-09-10|29|Male|20919 Evans Stravenue Apt. 371 North Tristan, IN 98120|Azerbaijan|marymartinez@yahoo.com|2023-03-29 16:00:04|2023-06-12 06:36:05
4156363122|Joshua Graham|1988-09-24|36|Female|90167 Thompson Underpass Suite 007 North Anthony, KS 71164|Albania|joshuagraham@hotmail.com|2022-11-21 12:03:04|2024-11-03 22:32:59
8069968429|Joseph Luna|1982-07-11|42|Male|63774 David Via Apt. 328 Tiffanyhaven, ND 41127|Marshall Islands|josephluna@warren.com|2022-06-25 09:26:16|2024-06-02 22:46:58
4589565776|Courtney Brown|1966-12-26|58|Male|USS Moore FPO AP 60684|Malaysia|courtneybrown@yahoo.com|2022-09-28 21:20:51|2023-03-11 23:28:23
5750977287|Christopher Roberson|1988-11-27|36|Male|403 Garcia Trail Apt. 097 West Dylanmouth, ME 16515|Uzbekistan|christopherroberson@gmail.com|2022-06-01 21:16:46|2022-10-10 12:18:47
3680886959|Robert Nelson|1979-08-19|45|Male|84032 Richard Shore Lake Christine, DE 50581|Barbados|robertnelson@gmail.com|2023-08-25 05:15:09|2024-04-05 10:19:48
4769270289|Yolanda Smith|1962-01-20|62|Male|6711 White Hill Apt. 909 Laurenport, AL 70410|New Caledonia|yolandasmith@yahoo.com|2024-10-05 01:12:53|2024-12-05 03:50:07
2679423384|Mr. Anthony Jennings MD|1971-05-19|53|Female|PSC 0606, Box 3820 APO AE 72895|Denmark|mranthonyjenningsmd@hall-morgan.com|2023-11-27 13:33:31|2023-12-29 09:36:12
9574636940|Brian Mcdaniel|1978-12-27|46|Female|538 Jean Coves Apt. 411 Lake Cynthialand, NH 42864|Maldives|brianmcdaniel@hotmail.com|2022-09-25 08:52:13|2022-09-25 13:37:30
7961556092|John Rogers|1954-06-05|70|Male|650 Warner Manors West Austinview, TN 76771|Saint Martin|johnrogers@yahoo.com|2023-08-18 09:37:40|2023-11-02 19:19:41
4482597668|Amy Lee|1991-02-05|33|Male|8579 Michele Lodge New Melissaburgh, SC 70910|Monaco|amylee@long-douglas.com|2023-07-20 00:23:11|2024-12-20 10:03:53
1818524957|Michael Lucas|2002-06-15|22|Male|14377 Jason Walks Apt. 255 Ellisonmouth, DE 26683|Equatorial Guinea|michaellucas@curtis-lambert.com|2023-06-07 22:38:21|2023-09-21 23:36:19
3319128572|Nancy Ellison|1964-10-19|60|Male|16831 Christy Burgs Apt. 678 Thompsonside, NM 97260|Nepal|nancyellison@gmail.com|2023-08-28 07:51:33|2023-09-07 20:11:02
5347616618|Danielle Kelley|2000-07-25|24|Male|955 Thomas Pine Allenville, ND 20461|China|daniellekelley@hotmail.com|2024-01-28 01:54:01|2024-04-28 08:00:33
4514835224|Noah Chapman|1996-06-29|28|Female|33094 Contreras Stravenue Williamston, AR 50640|Comoros|noahchapman@gmail.com|2022-01-30 23:32:19|2022-09-29 14:26:50
7597539986|John Lewis|1965-11-21|59|Male|823 Stephanie Expressway South Ashleyburgh, MN 44087|Netherlands Antilles|johnlewis@hotmail.com|2023-11-26 05:04:59|2024-04-04 15:30:39
5841705226|Jason Jackson|1995-03-13|29|Male|USS Brown FPO AA 30741|Netherlands Antilles|jasonjackson@vincent-jones.com|2024-12-02 06:40:20|2025-01-07 22:03:20
7304662815|Marcia Manning|1964-03-06|60|Female|8549 Travis Harbors Lake Shawn, DE 43052|Turkmenistan|marciamanning@holland.com|2023-12-16 11:11:15|2024-10-13 02:14:16
3905548714|Melissa Collins|2000-05-14|24|None of Above|6499 Boyer Centers Tammyfort, TN 01356|Qatar|melissacollins@marsh.com|2023-10-21 00:07:31|2024-09-03 19:52:32
5364883667|James Kim|1976-08-27|48|Male|86066 Barrett Brooks Apt. 468 Gracechester, DE 59779|Albania|jameskim@hotmail.com|2024-10-13 16:50:52|2024-12-11 05:36:36
6218307471|James Chandler|1997-11-13|27|Female|63798 Dustin Mall South Shaneburgh, NJ 13771|Norfolk Island|jameschandler@gmail.com|2024-06-16 21:25:20|2024-12-04 02:26:56
3268612851|Michael Rodriguez|1985-02-28|39|Female|7985 Olson Haven Robertberg, NM 28760|Guernsey|michaelrodriguez@lamb.com|2022-06-27 09:49:28|2024-05-01 05:25:50
2803421046|Danielle Byrd|1952-07-08|72|Male|7691 Neal Branch Suite 479 Tinaport, NV 66686|Seychelles|daniellebyrd@hotmail.com|2023-04-04 23:59:13|2024-12-31 22:21:13
2895169317|Susan Price|1992-01-02|33|Male|Unit 0583 Box 5447 DPO AE 59726|Dominica|susanprice@yahoo.com|2022-02-25 04:43:38|2022-07-15 23:48:16
9111425729|Tammy Mcdowell|1969-12-31|55|Male|7032 Mary Key North Austinhaven, WA 34321|Georgia|tammymcdowell@alvarez.info|2022-07-15 23:45:14|2024-03-26 01:41:30
8869972646|Samantha Carter|1972-07-22|52|Male|69463 Charles Landing Apt. 274 East Henry, MN 80642|Puerto Rico|samanthacarter@west.com|2023-03-19 19:51:46|2024-08-22 12:54:35
0360084128|Christopher Stewart|1973-05-12|51|Male|618 Carl Point Bradleymouth, KS 69451|Jersey|christopherstewart@berger-woodward.com|2025-01-06 04:43:17|2025-01-10 06:12:40
2976410147|Tom Jimenez|1951-02-11|73|Female|0233 Reyes Rue West Jacob, CA 23747|Christmas Island|tomjimenez@lambert.com|2024-11-20 10:28:27|2024-11-30 03:59:26
3290905786|Henry Lane MD|1984-05-04|40|Male|86819 Perez Roads Suite 951 North David, OK 37617|Singapore|henrylanemd@yahoo.com|2024-01-23 13:27:15|2024-05-22 05:37:27
4119397716|Valerie Jarvis|1980-07-21|44|Male|446 Beth Inlet Osborneton, TX 20735|Austria|valeriejarvis@gmail.com|2023-12-11 10:35:03|2024-06-12 01:51:05
3730868784|April Eaton|1967-05-08|57|Male|82929 Amy Cliffs Apt. 416 West Samanthaport, WA 44934|Burkina Faso|aprileaton@mason.biz|2024-12-28 06:02:42|2024-12-30 23:31:02
9589624442|Amy Gibbs|1982-09-15|42|Male|8478 Jasmine Pine North Karen, IN 32747|Austria|amygibbs@yahoo.com|2024-03-06 07:10:16|2024-07-28 18:09:24
2564377699|Briana Soto|1951-06-11|73|Male|USCGC Avila FPO AA 25709|British Indian Ocean Territory (Chagos Archipelago)|brianasoto@gmail.com|2022-08-15 19:35:37|2023-04-03 08:54:16
0444067525|Michael Klein|1994-05-08|30|Male|283 Jasmine Wall Emilymouth, CO 76229|Guernsey|michaelklein@hanson-jimenez.net|2022-05-19 00:29:49|2022-08-13 05:34:33
3653591634|Raven Hawkins|1950-02-26|74|Female|2451 Mckinney Land Suite 666 Brightmouth, AL 14130|Guadeloupe|ravenhawkins@hotmail.com|2024-05-20 02:14:22|2024-10-20 07:58:57
0988349461|Hailey Rivas|1950-04-12|74|Female|Unit 0002 Box 2229 DPO AA 47566|Gibraltar|haileyrivas@gmail.com|2023-03-30 05:58:31|2024-11-02 06:13:41
3886338613|Denise Greene|1951-04-18|73|Female|Unit 5473 Box 7574 DPO AP 84288|Malawi|denisegreene@yahoo.com|2023-06-15 07:13:22|2024-08-08 13:17:00
8998363207|Brent Rose|1977-06-11|47|Male|38577 Mark Forks Suite 646 Coryfort, FL 02227|San Marino|brentrose@gmail.com|2023-01-11 02:47:47|2024-02-08 18:14:15
6750373887|Deanna Smith|1981-02-06|43|Male|97219 Hannah Valleys Apt. 296 Jordanton, OK 42858|Bhutan|deannasmith@gmail.com|2023-02-09 18:34:46|2024-08-11 06:35:24
3294156109|Heather Chen|1977-06-29|47|Male|324 Joseph Locks Apt. 164 West Christopher, NY 08300|Estonia|heatherchen@coleman-wilson.com|2023-03-31 09:01:46|2023-05-03 22:34:46
5328598221|Timothy Conner|1980-12-01|44|Female|843 Montgomery Plaza Suite 684 Nicolebury, IL 06185|Rwanda|timothyconner@yahoo.com|2022-09-26 17:02:53|2022-10-31 02:56:29
2233823039|Andrew Kelly|2003-12-31|21|Male|028 Julie Expressway Suite 371 Yuton, IL 17861|El Salvador|andrewkelly@russell-porter.biz|2024-11-05 04:30:44|2024-11-08 04:08:24
6920641802|Joseph Taylor|2003-08-10|21|Male|841 Aaron Pine Apt. 386 North William, FL 10652|Macedonia|josephtaylor@yahoo.com|2022-06-19 02:47:19|2022-11-14 05:57:28
6026458802|Anthony Andersen|2001-08-24|23|Female|786 April Meadow Apt. 770 Luishaven, OK 09976|British Virgin Islands|anthonyandersen@hotmail.com|2024-02-12 22:42:18|2024-08-20 22:22:16
8517676546|Ronald Williams|1979-02-16|45|Male|PSC 6985, Box 9697 APO AE 59277|Swaziland|ronaldwilliams@gmail.com|2024-02-11 09:06:53|2024-12-22 20:18:38
5770262193|John Scott|2002-04-14|22|Male|222 Mcdaniel Curve Campbellborough, NJ 89248|American Samoa|johnscott@bishop.net|2024-02-14 09:38:02|2024-03-21 17:47:18
5406202481|Melissa Atkinson|1969-07-17|55|Female|571 Debra Terrace Cristinafurt, OR 04495|Myanmar|melissaatkinson@yahoo.com|2024-07-18 07:39:38|2024-12-29 06:03:22
5062565902|Lori Humphrey|1970-02-24|54|Female|5481 Love Fields Suite 707 Holmesberg, MD 05192|Kuwait|lorihumphrey@hotmail.com|2024-07-17 16:59:46|2024-08-30 01:22:45
6131623433|Kelly Vance|1994-09-25|30|Female|56797 Montgomery Courts New Caseyport, MA 51481|Anguilla|kellyvance@pollard-benson.com|2022-12-07 23:01:11|2023-02-13 03:55:41
8906463978|Albert Brown|1955-02-21|69|Male|0190 Arias Row Apt. 906 Johnton, NJ 22522|Saudi Arabia|albertbrown@gmail.com|2022-08-27 06:55:55|2022-12-05 07:13:10
4142018843|Wanda Parks|1964-08-07|60|Male|758 Davis Crossroad Apt. 727 New Rachelberg, AK 35775|Cook Islands|wandaparks@james-johnson.org|2023-11-30 19:55:25|2024-04-15 08:38:29
3070115693|Scott Cannon|1975-01-14|49|Male|822 Randall Ville Millershire, CA 02940|Cape Verde|scottcannon@yahoo.com|2024-11-20 02:39:15|2024-12-31 16:12:28
4370519938|Jeff Hodges|1961-02-21|63|Male|71815 Stokes Mission Hernandezfort, RI 39187|Australia|jeffhodges@gmail.com|2024-04-10 05:41:35|2024-09-24 08:28:57
4463611123|Gary Stevens|1968-07-01|56|Male|34309 Michael Key Suite 454 East Jeffrey, ME 43277|Saint Vincent and the Grenadines|garystevens@hotmail.com|2022-12-29 17:26:58|2024-08-22 06:55:45
7251025921|William Silva|1953-04-17|71|Male|16772 Glenda Passage Suite 092 Jamiemouth, PA 51892|United States Minor Outlying Islands|williamsilva@yahoo.com|2023-08-09 07:16:43|2023-08-29 17:09:16
1015930298|Laura Turner|1969-10-04|55|Male|5879 Gregory Heights Suite 455 Bakerstad, OH 58382|Myanmar|lauraturner@martinez.biz|2023-04-07 15:26:41|2024-10-23 13:43:57
7160934125|Aaron Smith|1987-12-06|37|Male|05985 Stephen Knoll Suite 199 Maddoxbury, AK 00540|Ukraine|aaronsmith@perez.com|2022-09-01 03:33:25|2024-05-30 04:06:19
8039549153|Nicholas Blevins|2001-08-04|23|Male|4177 Aaron Roads Apt. 706 Davisville, ND 14357|Slovenia|nicholasblevins@gmail.com|2024-09-20 05:09:18|2024-11-22 15:29:48
8521022324|Lisa Martinez|2003-07-01|21|Female|0013 Jacob Bypass Davisshire, FL 23791|Palestinian Territory|lisamartinez@gmail.com|2023-02-05 00:24:41|2024-02-07 13:59:45
1149020195|Wendy Saunders|1952-10-24|72|Male|253 Janet Highway Suite 213 Port Dannytown, TX 48334|Western Sahara|wendysaunders@yahoo.com|2024-06-14 10:16:49|2024-08-07 03:38:43
3280885953|Stephanie White|1999-07-20|25|Female|USCGC Harris FPO AP 25879|Nauru|stephaniewhite@schmidt.com|2023-09-14 10:53:07|2024-03-17 00:13:23
7701910319|Kristi Jones|1994-07-27|30|Female|5321 Alexandria Throughway East Markborough, HI 70639|Dominica|kristijones@yahoo.com|2024-08-13 10:22:38|2024-10-10 17:54:43
5258727824|Christy Wilkerson|1976-10-02|48|Female|29040 Adams Ridge Lake Michael, VT 27475|Czech Republic|christywilkerson@valencia-thomas.com|2022-06-21 21:58:02|2022-08-10 04:29:03
4480750085|Jessica Rodgers|1986-11-09|38|Male|140 Erik Grove Connerton, TN 47280|Slovenia|jessicarodgers@lin.com|2024-02-14 18:25:51|2024-07-29 17:24:03
0808242696|Benjamin Martinez|1965-04-07|59|Male|736 Patrick Forge North Brenda, MA 98012|Poland|benjaminmartinez@gmail.com|2024-01-15 11:37:30|2024-02-22 10:35:23
3810612899|Bradley Ashley|1987-08-26|37|Male|5522 Clinton Ville Suite 660 Melissaview, WA 16385|Saint Lucia|bradleyashley@benjamin.biz|2024-03-01 01:40:42|2024-08-27 22:43:52
0345797859|Matthew Gray|1968-12-07|56|Male|415 Timothy Island Jennifermouth, OR 38215|Monaco|matthewgray@morgan.com|2022-01-28 18:29:31|2024-02-03 17:44:34
8886305679|Susan Wagner|1961-08-09|63|Male|5032 Mark Glens Suite 574 West Karaport, PA 41806|Costa Rica|susanwagner@winters-zimmerman.com|2024-09-14 19:17:39|2025-01-06 16:31:19
9381819065|David Reynolds|1987-11-06|37|Male|0302 Jason Path Mcdanielstad, GA 99248|Tunisia|davidreynolds@cervantes.com|2023-12-10 12:27:07|2024-08-04 21:30:31
7814608055|Janet Lee|2000-09-30|24|Female|Unit 8033 Box 6289 DPO AP 67027|Albania|janetlee@olson.info|2024-04-29 14:55:24|2024-12-11 00:38:35
3231127828|Jennifer White|1962-11-27|62|Male|285 Robert Valley New Jackson, WA 63023|Austria|jenniferwhite@hill-spencer.info|2023-11-26 05:06:30|2023-12-25 12:11:59
9797864194|Matthew Wang|1968-07-11|56|Female|7164 Joyce Drives Apt. 592 West Matthewshire, WY 26760|Niger|matthewwang@gmail.com|2024-09-23 14:50:37|2024-09-23 20:55:51
8195274197|Eric Young|1972-12-07|52|Female|8998 Porter Land Apt. 640 South Cathyville, NM 97099|Belgium|ericyoung@gmail.com|2023-10-23 01:10:43|2024-10-10 17:19:16
9298506788|Jason Reed|1989-08-03|35|Male|1537 Neal Parkways Apt. 874 Lake Rachelhaven, OR 21010|Guernsey|jasonreed@hotmail.com|2022-08-31 11:53:16|2024-01-29 09:08:03
1211666048|Eric Mosley|1953-10-27|71|Male|64696 Wallace Burg Suite 612 North Allen, WY 83055|Ghana|ericmosley@thomas-young.biz|2023-09-18 04:14:09|2024-08-21 18:05:25
7702477527|Noah Phillips Jr.|2004-06-23|20|None of Above|Unit 0929 Box 8196 DPO AA 69454|Guam|noahphillipsjr@anderson.com|2022-01-04 19:20:40|2024-11-27 18:45:28
9198635049|Clayton Johnson|1997-06-21|27|Male|46276 Price Spring East Stacy, WY 77990|Australia|claytonjohnson@yahoo.com|2023-05-14 02:24:46|2024-01-04 19:33:40
0265342975|Sharon English|1966-08-01|58|Male|43138 Wilson Via Suite 198 Maloneview, PA 15543|Uruguay|sharonenglish@evans.com|2023-05-06 23:22:04|2024-11-19 03:20:00
8618155894|Joshua Pope|1970-02-16|54|Female|8381 Young Divide Suite 043 North Katie, TN 37177|Egypt|joshuapope@yahoo.com|2022-06-03 09:17:22|2024-12-01 01:13:52
0861594310|Gregory Norris|1951-02-27|73|Male|337 Megan Keys Apt. 579 Lake Gilbert, FL 39564|Niger|gregorynorris@gmail.com|2023-07-24 02:10:41|2023-10-20 04:57:55
5545411813|Charles Reeves|1990-09-22|34|Female|50725 Misty Forge Matthewsmouth, ID 61099|Botswana|charlesreeves@hotmail.com|2022-05-18 07:58:23|2023-07-11 04:46:46
1107973045|John Clayton|1978-09-20|46|Female|299 Price Dale Apt. 376 Shorthaven, DC 34214|French Southern Territories|johnclayton@keith.com|2023-03-11 00:43:26|2024-02-27 07:23:54
6192293734|Lori Nelson|1957-03-19|67|Male|Unit 9416 Box 6675 DPO AE 79417|Tokelau|lorinelson@richmond.com|2023-10-21 02:30:01|2024-04-30 17:08:48
9539999530|Linda Silva|1954-01-19|70|Male|3752 Montoya Meadows Suite 238 West Bettyport, WV 31593|Pitcairn Islands|lindasilva@gmail.com|2024-07-27 10:29:38|2024-11-11 01:46:05
3879861699|Eric Short|1953-10-12|71|Female|89932 Natalie Expressway Apt. 305 East Judy, TX 46685|British Virgin Islands|ericshort@hotmail.com|2023-05-31 05:06:51|2023-10-28 16:45:18
0347274756|Jackie Mason|1961-05-16|63|Male|2265 Zimmerman Ports Suite 664 Fletcherside, TN 42295|Trinidad and Tobago|jackiemason@norman-webb.com|2022-03-31 04:21:03|2023-09-07 08:14:22
8595427754|Casey Ruiz|1967-02-10|57|Male|3960 Katrina Crescent Apt. 889 Robertbury, AR 84207|Northern Mariana Islands|caseyruiz@hotmail.com|2022-08-24 23:39:35|2024-12-28 15:18:44
4983699640|Dr. Eric Jones|1971-07-28|53|Male|407 Brian Mill New Heatherfurt, IL 84676|Bahrain|drericjones@yahoo.com|2022-06-30 18:47:04|2024-01-14 15:56:46
2045651630|Amy Gonzalez|1987-08-01|37|Male|82509 Barton Mountain Hobbston, GA 70288|Montserrat|amygonzalez@long-martin.com|2023-05-13 17:56:22|2024-01-21 04:38:53
4357920303|Melissa Ayala|1972-03-11|52|Male|93799 Carol Passage South Annette, NH 20267|El Salvador|melissaayala@hotmail.com|2023-06-14 00:52:23|2024-08-23 12:57:05
3990934899|Julie Williams|2005-03-23|19|Male|7482 Haley Extensions North Brianside, LA 20684|Belarus|juliewilliams@fuller.org|2023-06-30 02:47:09|2023-11-02 07:44:53
6746346717|Joseph Roberts|1991-02-05|33|Male|2707 Holt Mills Apt. 451 Marshberg, MI 52440|Yemen|josephroberts@gmail.com|2024-10-04 19:02:14|2024-12-04 08:47:33
5498792044|April Dennis|1998-08-26|26|Female|7504 Franklin Road West Barbarafurt, MS 12680|Nauru|aprildennis@wilson.com|2024-01-13 18:28:42|2024-02-05 10:41:59
8645923230|Douglas Hunter|1991-04-22|33|Female|USCGC Moore FPO AA 66007|Grenada|douglashunter@gmail.com|2022-05-27 23:13:03|2023-08-01 10:06:10
1467514195|Joseph Perry|1972-10-05|52|Male|93234 William Walks Lake Timothy, DE 58078|Armenia|josephperry@novak-brown.com|2023-09-14 15:23:12|2023-12-24 02:47:58
2138713683|Kenneth Cox|2000-06-06|24|Female|22708 Cochran Pines Apt. 264 Nelsonland, VA 06766|Falkland Islands (Malvinas)|kennethcox@brady.com|2024-09-06 18:41:14|2024-10-30 20:12:50
8943895013|Courtney Smith|1990-03-30|34|Male|PSC 2519, Box 4587 APO AA 33869|New Caledonia|courtneysmith@yahoo.com|2023-03-09 22:13:12|2024-03-13 18:32:09
2028618016|Karen Johnson|1998-10-31|26|Male|1115 Jennifer Common New Stephanie, IN 67613|United States Virgin Islands|karenjohnson@powell.com|2023-01-15 22:41:04|2023-10-09 08:29:31
6855398313|Benjamin Gonzalez|1985-09-02|39|Male|177 Diaz Locks Apt. 590 East Jamesfort, GA 66028|Iraq|benjamingonzalez@hotmail.com|2024-10-31 18:36:14|2024-12-30 18:57:46
9847806634|Jason Lane|1985-03-03|39|Male|499 Ross Mill Apt. 719 Cynthiaborough, MI 52789|Turks and Caicos Islands|jasonlane@reid.biz|2022-04-09 02:33:54|2024-10-16 07:24:11
