user_id|kyc_level|kyc_outcome|created_at
0817387533|Simplified|Confirmed|2024-11-23 14:51:26
1979198372|Standard|Confirmed|2024-06-29 00:47:40
9146669647|Standard|Confirmed|2023-06-25 15:18:26
3419872890|Standard|Unconfirmed|2025-01-09 06:01:50
3419872890|Standard|Confirmed|2025-01-10 04:54:06
2125398960|Standard|Confirmed|2024-03-08 17:49:01
9785727425|Standard|Cancelled|2025-01-01 04:36:27
9785727425|Standard|Confirmed|2025-01-01 10:41:58
8079578459|Standard|Confirmed|2024-04-29 21:15:49
7049957459|Standard|Confirmed|2024-04-02 09:43:00
3415893782|Standard|Confirmed|2023-07-19 13:03:11
5677589239|Standard|Confirmed|2023-05-19 22:02:20
7163600209|Standard|Unconfirmed|2024-05-07 10:13:02
7163600209|Standard|Confirmed|2024-09-23 07:50:54
3255177997|Standard|Confirmed|2024-12-16 22:00:00
8894720351|Standard|Unconfirmed|2025-01-05 00:41:38
8894720351|Standard|Confirmed|2025-01-10 18:29:53
9677001723|Standard|Confirmed|2024-04-20 03:21:34
6480347263|Standard|Confirmed|2022-12-22 16:15:28
6451644387|Simplified|Confirmed|2024-07-11 06:47:15
0485837296|Standard|Confirmed|2024-07-11 10:16:06
3325595648|Simplified|Confirmed|2024-05-23 20:50:52
2151660861|Standard|Confirmed|2022-10-02 05:15:59
1810500785|Standard|Confirmed|2022-10-30 07:58:13
2320991026|Standard|Confirmed|2024-09-26 21:48:55
7212445158|Standard|Confirmed|2024-01-04 23:45:42
5815771310|Standard|Confirmed|2024-08-09 02:35:52
9074217629|Standard|Confirmed|2023-06-14 03:25:50
3318314626|Standard|Confirmed|2023-12-02 18:34:42
7918325660|Simplified|Confirmed|2024-03-18 06:11:16
4839168964|Simplified|Confirmed|2023-10-02 05:01:58
2616545093|Standard|Cancelled|2024-01-23 18:18:58
2616545093|Standard|Confirmed|2024-05-11 23:53:09
6788980882|Standard|Confirmed|2024-06-04 19:43:22
2715192071|Simplified|Confirmed|2024-10-02 21:48:14
2085918165|Standard|Confirmed|2023-07-19 09:41:57
2513943712|Simplified|Unconfirmed|2024-06-27 09:03:18
2513943712|Simplified|Confirmed|2024-08-01 22:33:51
9461817167|Standard|Confirmed|2024-10-09 21:44:29
6452810779|Standard|Confirmed|2023-09-23 08:43:39
9329639089|Standard|Confirmed|2023-08-04 11:29:01
4771933882|Standard|Confirmed|2023-09-23 17:37:45
1610456798|Simplified|Confirmed|2024-11-19 21:40:55
3109059430|Standard|Confirmed|2022-09-25 21:23:52
8376643532|Standard|Confirmed|2024-12-23 01:30:31
1985041242|Simplified|Confirmed|2024-07-25 06:11:28
6727792809|Standard|Cancelled|2024-06-26 14:28:47
6727792809|Standard|Confirmed|2024-10-23 07:15:38
5175849471|Standard|Confirmed|2023-10-25 00:15:04
5881861626|Standard|Confirmed|2024-05-05 03:15:58
2726410879|Simplified|Confirmed|2023-08-25 07:34:54
0095951743|Simplified|Confirmed|2024-11-23 11:52:34
7953005062|Standard|Confirmed|2023-06-03 04:09:21
5428758563|Standard|Confirmed|2024-10-05 12:55:50
0989373849|Simplified|Unconfirmed|2024-12-09 09:45:13
0989373849|Simplified|Confirmed|2024-12-27 00:05:00
4298154027|Standard|Confirmed|2023-02-07 21:11:58
3318989968|Standard|Confirmed|2024-08-31 23:09:05
1111426940|Standard|Confirmed|2024-12-06 20:31:16
0637918936|Standard|Confirmed|2024-06-14 20:13:38
8706817544|Standard|Confirmed|2024-01-22 02:05:17
7242103996|Standard|Confirmed|2024-09-15 10:38:46
8196535813|Standard|Confirmed|2024-08-24 16:46:53
3143968745|Simplified|Confirmed|2024-12-10 23:20:14
6492767993|Standard|Unconfirmed|2023-08-18 21:32:02
6492767993|Standard|Confirmed|2024-12-04 05:01:23
7439764333|Standard|Confirmed|2024-03-28 00:08:26
5361439421|Simplified|Confirmed|2025-01-01 22:34:39
9786340134|Standard|Confirmed|2022-10-20 15:59:17
8966570207|Standard|Confirmed|2024-03-12 17:07:23
0389935850|Standard|Confirmed|2023-03-12 20:53:45
0814112905|Standard|Cancelled|2024-08-25 23:34:17
0814112905|Standard|Confirmed|2024-09-25 00:58:54
6046564998|Standard|Unconfirmed|2024-10-19 14:25:42
6046564998|Standard|Confirmed|2024-11-20 18:19:15
5680392554|Simplified|Unconfirmed|2024-04-07 22:48:49
5680392554|Simplified|Confirmed|2024-10-22 19:44:36
7181477366|Simplified|Unconfirmed|2024-01-15 22:04:15
7181477366|Simplified|Confirmed|2024-02-06 00:47:08
4908617590|Simplified|Confirmed|2024-02-15 15:34:12
6271531388|Standard|Unconfirmed|2023-07-28 23:50:54
6271531388|Standard|Confirmed|2024-08-19 01:52:50
0761026440|Standard|Confirmed|2024-06-03 14:27:07
1193970305|Standard|Cancelled|2024-02-25 04:27:06
1193970305|Standard|Confirmed|2024-10-05 20:24:31
5447126266|Standard|Unconfirmed|2024-04-26 18:31:15
5447126266|Standard|Confirmed|2024-08-06 02:20:38
4103177620|Standard|Unconfirmed|2024-01-11 01:53:30
4103177620|Standard|Confirmed|2024-04-14 22:57:17
8648149061|Standard|Unconfirmed|2024-04-06 13:15:27
8648149061|Standard|Confirmed|2024-12-01 20:47:58
2072983633|Standard|Unconfirmed|2024-10-20 13:43:13
2072983633|Standard|Confirmed|2024-11-28 10:52:14
5746522115|Simplified|Confirmed|2024-05-16 18:00:08
8680995283|Standard|Confirmed|2024-10-10 19:47:00
6200626946|Standard|Unconfirmed|2022-05-23 09:56:53
6200626946|Standard|Unconfirmed|2023-08-07 15:16:06
6200626946|Standard|Confirmed|2024-05-08 20:47:29
2972928202|Standard|Confirmed|2025-01-11 05:09:13
8379194512|Standard|Unconfirmed|2022-08-14 11:46:16
8379194512|Standard|Cancelled|2023-10-02 05:48:50
8379194512|Standard|Confirmed|2024-07-23 14:28:17
5168604388|Standard|Confirmed|2024-04-02 16:58:52
9726518295|Standard|Confirmed|2024-09-26 09:47:08
1890965299|Standard|Confirmed|2024-01-16 05:45:07
6197751692|Standard|Confirmed|2023-12-20 06:49:33
8370415306|Standard|Unconfirmed|2023-03-04 06:17:30
8370415306|Standard|Unconfirmed|2024-03-02 06:36:33
8370415306|Standard|Confirmed|2024-10-07 19:34:56
9082932096|Simplified|Cancelled|2023-08-24 00:51:16
9082932096|Simplified|Confirmed|2023-12-04 15:21:45
5382131119|Standard|Confirmed|2024-09-28 15:41:54
0807374721|Standard|Cancelled|2024-07-19 21:50:01
0807374721|Standard|Confirmed|2024-11-19 20:43:55
1386393696|Standard|Confirmed|2025-01-07 01:43:58
7375238433|Standard|Confirmed|2024-04-14 17:45:33
5613205787|Standard|Confirmed|2024-12-29 12:26:46
2208151056|Standard|Confirmed|2024-10-26 04:59:35
2021991646|Standard|Confirmed|2024-05-18 00:49:17
1235312094|Simplified|Confirmed|2024-09-13 12:13:35
9073421753|Standard|Confirmed|2024-04-08 03:09:04
3332547882|Simplified|Unconfirmed|2024-12-27 10:37:40
3332547882|Simplified|Confirmed|2025-01-12 12:57:35
9564013291|Standard|Cancelled|2024-12-30 23:28:19
9564013291|Standard|Confirmed|2024-12-31 13:29:22
3563431603|Standard|Confirmed|2024-12-31 10:22:20
6503592745|Standard|Confirmed|2024-12-19 23:19:16
9897131208|Standard|Unconfirmed|2024-09-13 02:35:36
9897131208|Standard|Confirmed|2024-09-21 17:23:35
2275098217|Simplified|Confirmed|2024-11-29 13:02:16
8938266642|Standard|Cancelled|2024-02-16 06:43:50
8938266642|Standard|Confirmed|2024-10-19 14:18:45
7123202703|Simplified|Confirmed|2023-08-07 15:50:09
3979322039|Simplified|Confirmed|2024-06-13 21:38:06
6154143269|Standard|Confirmed|2024-05-19 13:17:10
6433666373|Standard|Confirmed|2023-11-25 13:07:31
2344195235|Standard|Confirmed|2024-01-05 08:22:34
2252217617|Standard|Confirmed|2024-11-27 05:07:38
7910574756|Standard|Unconfirmed|2023-10-25 07:09:04
7910574756|Standard|Unconfirmed|2024-07-14 09:30:33
7910574756|Standard|Confirmed|2024-08-14 17:00:44
2983814248|Simplified|Confirmed|2023-08-06 19:14:04
5526891340|Standard|Confirmed|2023-07-15 22:10:19
7532885113|Standard|Confirmed|2023-05-03 09:31:38
5716005411|Standard|Unconfirmed|2024-04-22 01:34:57
5716005411|Standard|Unconfirmed|2024-11-28 18:07:39
5716005411|Standard|Confirmed|2024-12-08 19:03:46
8471854062|Standard|Confirmed|2023-12-14 07:29:48
8377930029|Standard|Confirmed|2023-10-06 03:40:24
1683278914|Standard|Confirmed|2024-10-23 16:14:58
5859315413|Simplified|Confirmed|2024-07-27 09:55:22
2603708503|Simplified|Confirmed|2024-11-25 04:32:28
7159278528|Standard|Confirmed|2024-12-21 11:32:41
2829158669|Standard|Confirmed|2024-11-06 08:54:29
6485962280|Standard|Confirmed|2023-12-11 19:15:08
6038537561|Standard|Confirmed|2024-03-18 14:19:55
2538696187|Standard|Confirmed|2024-11-10 05:29:39
0776895907|Simplified|Unconfirmed|2024-12-29 07:05:52
0776895907|Simplified|Confirmed|2025-01-02 04:10:34
1142858497|Standard|Confirmed|2023-03-31 10:19:41
7183949186|Standard|Confirmed|2024-09-23 06:45:40
6587360169|Standard|Confirmed|2024-11-26 08:20:22
1506336588|Standard|Confirmed|2024-03-31 00:48:47
7667344569|Standard|Confirmed|2024-08-25 21:05:47
4182576384|Simplified|Confirmed|2024-09-13 09:55:44
0107182300|Simplified|Unconfirmed|2023-09-17 15:20:19
0107182300|Simplified|Cancelled|2024-07-19 20:50:10
0107182300|Simplified|Confirmed|2024-08-07 04:27:22
5930365422|Standard|Unconfirmed|2023-01-07 13:55:33
5930365422|Standard|Cancelled|2024-09-13 10:13:51
5930365422|Standard|Confirmed|2024-12-22 11:59:24
7543988908|Standard|Confirmed|2025-01-05 19:11:41
6525422822|Standard|Confirmed|2024-06-19 02:53:41
4205009106|Standard|Confirmed|2024-11-04 07:18:31
1108220418|Simplified|Confirmed|2023-07-28 01:17:02
0337652812|Standard|Cancelled|2024-10-10 02:24:30
0337652812|Standard|Unconfirmed|2024-10-29 23:46:05
0337652812|Standard|Confirmed|2024-11-25 11:20:43
3292907793|Standard|Confirmed|2024-08-01 12:51:05
1356644801|Standard|Confirmed|2023-03-11 01:56:16
8895633458|Simplified|Confirmed|2025-01-10 06:35:43
1581493354|Standard|Confirmed|2024-09-17 03:54:11
9134300101|Standard|Unconfirmed|2024-05-31 07:09:34
9134300101|Standard|Confirmed|2024-06-11 18:39:55
1195499885|Standard|Unconfirmed|2024-12-08 06:57:30
1195499885|Standard|Confirmed|2024-12-25 03:11:38
0338416605|Standard|Confirmed|2024-09-21 00:27:29
0852653201|Standard|Confirmed|2024-12-15 21:15:42
2820190196|Standard|Confirmed|2024-03-04 12:16:10
2004615739|Standard|Confirmed|2024-01-17 13:51:50
6459395248|Standard|Confirmed|2023-10-01 16:20:53
8014966099|Standard|Confirmed|2023-11-23 18:37:15
7984342598|Simplified|Confirmed|2024-11-14 16:31:16
9267097341|Simplified|Confirmed|2024-09-26 11:31:18
8719181246|Standard|Confirmed|2024-06-19 17:38:14
4804405498|Standard|Unconfirmed|2024-12-30 06:48:54
4804405498|Standard|Unconfirmed|2025-01-12 07:39:11
4804405498|Standard|Confirmed|2025-01-12 08:19:15
9906153693|Standard|Confirmed|2025-01-04 02:48:55
7640085174|Simplified|Confirmed|2024-02-27 01:07:35
4850312828|Standard|Confirmed|2024-09-04 13:36:30
6377899267|Standard|Confirmed|2025-01-02 06:48:53
0474257134|Standard|Confirmed|2024-10-08 20:26:31
2627345220|Standard|Unconfirmed|2024-06-06 18:11:19
2627345220|Standard|Confirmed|2024-10-10 11:57:45
3998452817|Standard|Confirmed|2024-05-09 01:43:16
0858548687|Standard|Confirmed|2024-12-25 10:01:17
4988419885|Standard|Unconfirmed|2024-11-30 23:25:13
4988419885|Standard|Confirmed|2024-12-01 11:07:28
5030076934|Simplified|Confirmed|2023-11-11 19:13:33
8008990786|Standard|Confirmed|2024-05-27 12:43:05
1658861295|Standard|Unconfirmed|2024-09-13 18:39:06
1658861295|Standard|Confirmed|2024-11-22 00:43:46
3213370534|Standard|Unconfirmed|2024-06-10 10:50:24
3213370534|Standard|Confirmed|2024-09-23 01:26:33
5322845002|Standard|Unconfirmed|2024-04-23 09:35:55
5322845002|Standard|Confirmed|2024-08-28 17:16:31
6407562248|Standard|Confirmed|2022-11-27 04:01:00
5720183275|Standard|Confirmed|2023-03-31 15:36:02
1579184687|Standard|Confirmed|2024-07-19 00:14:20
3609515179|Standard|Confirmed|2024-11-30 04:50:45
3608021504|Standard|Confirmed|2023-03-24 14:23:42
9845391796|Simplified|Unconfirmed|2023-09-01 11:47:52
9845391796|Simplified|Cancelled|2023-12-31 16:48:30
9845391796|Simplified|Confirmed|2024-07-07 08:35:05
2987235211|Simplified|Unconfirmed|2025-01-03 21:15:22
2987235211|Simplified|Confirmed|2025-01-11 22:07:39
8619760924|Standard|Confirmed|2024-07-08 15:07:54
7818730724|Standard|Confirmed|2024-01-18 20:27:28
7970987151|Standard|Confirmed|2024-10-29 15:09:03
6925231605|Standard|Confirmed|2024-11-23 13:18:12
7273104564|Standard|Confirmed|2024-05-16 20:52:46
0455882647|Standard|Confirmed|2024-12-28 09:49:36
7096277477|Standard|Confirmed|2025-01-12 02:23:04
3538264633|Standard|Confirmed|2023-06-06 04:44:08
6955378245|Standard|Confirmed|2025-01-08 13:21:35
3916898116|Standard|Confirmed|2024-10-01 16:25:34
9597545170|Standard|Confirmed|2023-05-24 17:49:46
8379839827|Standard|Confirmed|2023-07-24 09:37:35
1108627388|Standard|Confirmed|2024-11-19 17:16:38
8156744356|Standard|Confirmed|2022-12-12 23:25:18
5754982727|Standard|Confirmed|2023-09-09 08:40:47
7758469248|Standard|Confirmed|2023-05-17 12:08:34
6586599544|Standard|Confirmed|2024-07-11 03:45:54
6210114411|Simplified|Unconfirmed|2024-04-04 07:47:08
6210114411|Simplified|Unconfirmed|2024-11-16 10:12:39
6210114411|Simplified|Confirmed|2024-11-19 12:54:12
8270053941|Standard|Confirmed|2024-07-13 22:30:29
0931057010|Simplified|Confirmed|2025-01-10 09:07:17
8586726192|Standard|Unconfirmed|2024-09-18 02:03:44
8586726192|Standard|Confirmed|2024-11-10 00:41:42
2253884772|Standard|Confirmed|2022-09-19 13:35:07
6195484560|Simplified|Confirmed|2024-03-13 18:06:19
7275279644|Simplified|Confirmed|2024-11-21 07:29:03
3186734786|Standard|Confirmed|2023-11-21 12:47:42
8523525945|Simplified|Confirmed|2024-04-03 11:00:24
5871982886|Standard|Unconfirmed|2024-08-03 08:23:52
5871982886|Standard|Confirmed|2024-11-01 10:49:18
8032281455|Simplified|Cancelled|2022-11-04 15:13:48
8032281455|Simplified|Confirmed|2023-06-23 05:03:48
8518107642|Simplified|Confirmed|2024-10-29 02:19:06
2328429200|Standard|Confirmed|2022-07-11 07:07:22
7785047272|Standard|Confirmed|2024-02-03 16:37:05
5129723902|Standard|Confirmed|2024-12-08 02:59:13
3831373752|Standard|Confirmed|2024-03-09 00:38:55
2136232750|Standard|Confirmed|2024-10-11 14:39:14
5129819701|Standard|Confirmed|2024-11-08 15:05:58
3345975103|Standard|Confirmed|2023-01-13 08:30:56
1914366144|Standard|Unconfirmed|2024-11-12 15:09:55
1914366144|Standard|Confirmed|2024-11-13 10:25:53
5716846526|Standard|Confirmed|2024-12-15 12:42:52
6482250035|Standard|Confirmed|2024-11-03 09:27:50
0368359074|Simplified|Confirmed|2024-02-06 21:01:11
2516872578|Standard|Confirmed|2023-02-24 21:14:32
5387172849|Simplified|Confirmed|2024-07-04 02:56:00
9956323230|Simplified|Confirmed|2024-07-28 06:47:41
0421690405|Standard|Confirmed|2024-08-26 02:36:27
9330525535|Simplified|Unconfirmed|2025-01-04 19:59:27
9330525535|Simplified|Confirmed|2025-01-06 02:35:26
1994255839|Standard|Unconfirmed|2024-03-06 14:09:02
1994255839|Standard|Confirmed|2024-08-11 12:28:25
5836178738|Simplified|Confirmed|2024-10-16 11:27:56
0253335410|Standard|Unconfirmed|2024-09-11 22:53:48
0253335410|Standard|Confirmed|2024-09-15 23:04:43
6896797361|Standard|Confirmed|2023-12-08 18:21:43
1850870776|Standard|Confirmed|2024-11-09 03:17:24
7881047426|Simplified|Confirmed|2024-01-08 01:14:49
3928514409|Standard|Unconfirmed|2022-12-19 01:01:50
3928514409|Standard|Confirmed|2024-02-12 21:09:24
8805209729|Standard|Confirmed|2024-03-20 23:59:26
0058785845|Standard|Confirmed|2023-07-11 22:00:28
5825490946|Standard|Confirmed|2024-09-27 10:45:55
8653215898|Standard|Unconfirmed|2024-12-29 10:46:02
8653215898|Standard|Confirmed|2025-01-07 18:11:27
2073687531|Simplified|Confirmed|2024-10-07 21:59:38
9590253340|Simplified|Unconfirmed|2024-11-14 17:29:01
9590253340|Simplified|Confirmed|2024-12-07 08:43:48
2799920590|Standard|Unconfirmed|2022-10-27 01:42:07
2799920590|Standard|Confirmed|2023-09-20 01:29:36
6839761690|Standard|Unconfirmed|2023-08-21 18:01:21
6839761690|Standard|Confirmed|2024-04-01 20:22:37
6795245001|Simplified|Confirmed|2024-12-06 00:35:48
0353824793|Simplified|Confirmed|2024-12-31 08:29:43
4580662488|Standard|Confirmed|2024-05-17 13:59:17
5224304375|Standard|Confirmed|2023-02-07 21:22:26
6564422971|Standard|Unconfirmed|2024-05-09 10:34:21
6564422971|Standard|Cancelled|2024-12-19 00:36:56
6564422971|Standard|Confirmed|2024-12-25 21:50:19
5812590242|Standard|Confirmed|2024-02-05 05:41:33
4434322395|Standard|Confirmed|2022-11-25 07:23:54
0563643613|Simplified|Confirmed|2024-12-26 05:41:13
4973691394|Standard|Unconfirmed|2024-04-13 19:15:22
4973691394|Standard|Confirmed|2024-09-10 00:52:00
1776379714|Standard|Confirmed|2024-12-28 07:28:08
5772987714|Standard|Confirmed|2023-09-22 08:20:18
0609018745|Simplified|Confirmed|2024-02-05 12:59:20
5069478151|Standard|Confirmed|2025-01-12 12:48:07
9888634701|Standard|Confirmed|2025-01-11 11:06:07
2777050384|Standard|Confirmed|2024-04-27 19:50:18
4623476287|Standard|Confirmed|2024-01-29 11:56:02
4656433548|Standard|Confirmed|2024-05-26 22:02:47
2505261043|Standard|Confirmed|2022-06-29 01:30:08
6732385120|Standard|Confirmed|2024-08-30 09:47:50
1012944527|Standard|Confirmed|2023-05-06 20:09:12
8399060496|Simplified|Unconfirmed|2024-04-03 21:43:54
8399060496|Simplified|Confirmed|2025-01-09 01:11:38
2371686530|Simplified|Confirmed|2024-01-01 04:34:24
7205276693|Simplified|Confirmed|2024-10-29 23:45:11
3384122349|Standard|Confirmed|2024-03-29 13:51:53
8824777648|Standard|Confirmed|2024-10-24 10:30:38
2617578168|Standard|Confirmed|2023-01-13 20:06:20
3957134016|Standard|Unconfirmed|2022-09-09 09:43:03
3957134016|Standard|Confirmed|2024-05-18 12:14:15
5325712715|Standard|Confirmed|2024-03-06 03:33:07
0088850591|Standard|Confirmed|2024-04-12 23:51:28
7941292084|Standard|Confirmed|2023-06-06 14:27:04
4814936994|Simplified|Confirmed|2024-12-18 00:08:18
6763186017|Standard|Confirmed|2024-09-12 02:53:23
3979527891|Standard|Confirmed|2024-05-17 03:21:42
7430232376|Simplified|Confirmed|2024-08-12 23:05:23
7867022968|Simplified|Confirmed|2023-01-01 00:32:37
2942803540|Standard|Confirmed|2024-04-15 01:19:14
9168369336|Standard|Confirmed|2024-12-17 07:33:27
5408084539|Standard|Unconfirmed|2024-03-15 12:03:56
5408084539|Standard|Confirmed|2024-09-14 19:31:22
2670399332|Simplified|Confirmed|2024-10-30 19:51:12
4687190028|Standard|Cancelled|2022-03-07 16:12:54
4687190028|Standard|Confirmed|2023-02-01 06:47:04
5984370470|Simplified|Confirmed|2024-06-14 07:40:29
1885409752|Standard|Unconfirmed|2023-04-07 22:19:30
1885409752|Standard|Confirmed|2024-12-26 03:47:09
6348411826|Simplified|Unconfirmed|2023-10-31 14:01:07
6348411826|Simplified|Confirmed|2025-01-02 00:30:46
2166405721|Simplified|Unconfirmed|2023-10-01 17:22:10
2166405721|Simplified|Confirmed|2024-06-29 18:58:48
6562618196|Standard|Confirmed|2024-06-29 19:02:46
3274560092|Simplified|Cancelled|2024-07-01 22:01:12
3274560092|Simplified|Confirmed|2024-09-14 19:57:14
8354903415|Simplified|Confirmed|2023-08-07 23:43:45
5568536432|Standard|Unconfirmed|2024-08-19 16:36:13
5568536432|Standard|Confirmed|2024-11-03 12:16:45
8078139585|Simplified|Unconfirmed|2024-10-18 12:02:54
8078139585|Simplified|Confirmed|2024-10-20 00:27:18
4796014881|Standard|Unconfirmed|2023-11-22 15:03:39
4796014881|Standard|Confirmed|2024-11-13 07:51:18
4667615740|Standard|Confirmed|2024-07-06 11:24:27
2123068690|Simplified|Confirmed|2024-09-10 16:55:20
7406393367|Standard|Confirmed|2024-05-03 22:01:20
4687091939|Standard|Confirmed|2025-01-11 14:13:17
3961627567|Standard|Confirmed|2025-01-02 14:55:32
8101220907|Standard|Confirmed|2024-11-12 09:21:45
9502933807|Standard|Confirmed|2023-06-10 17:15:47
7266838284|Standard|Confirmed|2023-09-07 07:36:26
8301031202|Simplified|Confirmed|2024-11-27 16:28:29
0785928474|Simplified|Confirmed|2025-01-09 01:52:07
4361853523|Standard|Confirmed|2023-01-05 23:09:57
9586566541|Standard|Confirmed|2024-11-04 12:26:29
2284398889|Standard|Confirmed|2024-12-26 03:49:02
8456318103|Standard|Confirmed|2025-01-03 10:00:38
5828203276|Simplified|Confirmed|2023-05-24 04:53:17
4675525092|Standard|Confirmed|2024-01-26 05:53:40
3295785795|Standard|Confirmed|2024-02-02 09:55:48
4220129046|Standard|Unconfirmed|2024-11-06 03:12:10
4220129046|Standard|Confirmed|2024-12-08 16:28:48
9789937927|Simplified|Confirmed|2023-12-24 02:59:34
7670475923|Simplified|Confirmed|2024-11-24 06:45:55
9589309229|Standard|Cancelled|2024-02-01 23:41:59
9589309229|Standard|Confirmed|2024-03-24 08:01:52
6658793511|Standard|Confirmed|2024-10-14 18:56:21
4982216062|Standard|Confirmed|2024-07-23 02:18:33
3059740842|Standard|Confirmed|2024-09-06 16:28:09
7585079631|Simplified|Confirmed|2024-11-01 21:16:00
5763420289|Simplified|Confirmed|2024-07-29 19:22:37
7034380720|Standard|Confirmed|2023-09-12 14:37:30
7867330596|Standard|Cancelled|2024-12-17 05:17:53
7867330596|Standard|Confirmed|2024-12-30 15:13:21
5699766246|Standard|Confirmed|2024-07-28 22:40:43
9007839003|Simplified|Confirmed|2023-02-25 06:52:07
2311981151|Standard|Confirmed|2024-04-25 10:36:41
4151031070|Standard|Confirmed|2024-10-28 06:41:56
5196215693|Standard|Confirmed|2024-06-15 08:06:57
7751749693|Standard|Unconfirmed|2023-03-17 05:48:05
7751749693|Standard|Unconfirmed|2023-11-07 22:08:07
7751749693|Standard|Confirmed|2024-10-05 12:19:29
9214983503|Simplified|Confirmed|2023-07-26 18:48:30
3649135095|Standard|Unconfirmed|2023-02-08 14:24:13
3649135095|Standard|Confirmed|2024-06-19 21:02:45
9158605491|Standard|Confirmed|2024-04-06 07:06:43
4666431990|Standard|Unconfirmed|2024-03-22 18:34:04
4666431990|Standard|Confirmed|2024-07-17 08:21:45
5182491977|Standard|Unconfirmed|2023-10-22 07:44:38
5182491977|Standard|Confirmed|2024-07-13 02:05:22
4109495801|Standard|Confirmed|2024-12-01 08:10:30
0906670761|Standard|Unconfirmed|2023-11-17 08:41:25
0906670761|Standard|Confirmed|2024-01-09 07:15:57
4223312390|Standard|Confirmed|2024-04-18 22:31:57
9401334807|Standard|Confirmed|2023-12-28 10:35:37
3477059924|Standard|Unconfirmed|2024-12-28 09:17:58
3477059924|Standard|Confirmed|2025-01-11 14:06:03
4458490486|Simplified|Confirmed|2024-06-24 08:26:17
2536459077|Standard|Confirmed|2024-10-30 02:31:31
2907384664|Standard|Unconfirmed|2023-09-01 10:39:19
2907384664|Standard|Confirmed|2024-08-09 12:24:54
1698928611|Standard|Unconfirmed|2025-01-03 00:18:05
1698928611|Standard|Unconfirmed|2025-01-07 16:15:25
1698928611|Standard|Confirmed|2025-01-08 11:31:44
4226064648|Simplified|Confirmed|2024-10-16 10:35:59
2531701873|Standard|Confirmed|2024-07-19 01:48:14
8494718961|Simplified|Cancelled|2024-02-15 15:25:11
8494718961|Simplified|Confirmed|2024-10-07 03:57:06
7067776604|Standard|Confirmed|2024-08-03 08:21:12
3478699574|Standard|Unconfirmed|2024-12-15 09:48:59
3478699574|Standard|Cancelled|2025-01-11 15:39:18
3478699574|Standard|Confirmed|2025-01-12 04:32:02
3351739574|Simplified|Confirmed|2023-08-16 07:38:17
0725618731|Standard|Confirmed|2024-09-11 23:52:46
5454953844|Standard|Confirmed|2024-11-06 08:02:49
1903508271|Simplified|Confirmed|2024-07-15 21:36:09
4416355660|Standard|Confirmed|2022-08-26 12:25:59
0922008047|Simplified|Confirmed|2024-11-11 18:08:07
3230399210|Simplified|Confirmed|2024-07-01 12:01:02
8554610332|Standard|Confirmed|2023-04-26 07:47:40
0784573812|Simplified|Confirmed|2024-01-29 03:59:49
9761055063|Simplified|Confirmed|2024-06-11 16:28:47
6143462348|Simplified|Confirmed|2024-12-17 11:07:46
4469924279|Standard|Unconfirmed|2024-09-08 21:37:04
4469924279|Standard|Cancelled|2024-10-30 02:29:07
4469924279|Standard|Confirmed|2024-11-24 00:59:27
2599541989|Simplified|Unconfirmed|2023-05-09 08:40:26
2599541989|Simplified|Unconfirmed|2024-11-23 14:26:26
2599541989|Simplified|Confirmed|2025-01-01 08:16:44
2554189981|Standard|Unconfirmed|2024-05-09 10:09:58
2554189981|Standard|Confirmed|2024-06-04 10:55:26
1281880035|Simplified|Confirmed|2024-03-26 05:54:31
3286219380|Standard|Confirmed|2024-11-21 19:27:03
8636964916|Standard|Confirmed|2024-12-28 13:24:16
2377780698|Standard|Unconfirmed|2023-10-15 00:35:09
2377780698|Standard|Confirmed|2024-11-15 07:58:57
6574482310|Simplified|Confirmed|2024-06-14 15:51:18
4283721168|Standard|Confirmed|2023-10-11 18:58:49
8819733395|Standard|Confirmed|2024-10-13 01:06:04
9549952424|Standard|Unconfirmed|2024-01-28 21:47:01
9549952424|Standard|Unconfirmed|2024-05-08 14:49:30
9549952424|Standard|Confirmed|2024-08-17 12:46:44
8193546595|Standard|Confirmed|2023-03-13 10:00:09
5733847359|Standard|Confirmed|2023-07-20 12:51:37
5877503267|Standard|Confirmed|2024-12-25 18:53:09
6595519343|Simplified|Confirmed|2023-07-19 02:06:32
8658286910|Standard|Confirmed|2022-08-20 15:53:41
1340155557|Standard|Confirmed|2024-05-23 19:31:45
1516065477|Simplified|Confirmed|2024-11-02 11:00:33
5703033497|Standard|Unconfirmed|2023-10-10 04:49:44
5703033497|Standard|Confirmed|2023-11-18 17:47:04
7391117700|Simplified|Confirmed|2024-04-16 21:43:59
0671791884|Standard|Confirmed|2024-07-04 13:14:04
5485104303|Standard|Confirmed|2024-03-27 00:21:15
7938836675|Standard|Unconfirmed|2024-11-13 22:03:00
7938836675|Standard|Confirmed|2024-12-24 04:44:51
6845334722|Standard|Confirmed|2024-12-11 19:00:10
6262871721|Standard|Unconfirmed|2023-12-06 22:38:56
6262871721|Standard|Confirmed|2024-09-19 15:24:29
8573363826|Standard|Confirmed|2024-04-02 13:15:26
4863876851|Standard|Confirmed|2024-07-21 02:05:40
7576654305|Standard|Confirmed|2024-05-29 20:01:49
5241589111|Standard|Confirmed|2024-05-09 17:23:00
9821667021|Standard|Confirmed|2023-02-07 08:42:16
9630584298|Standard|Confirmed|2024-11-13 13:46:09
0037930792|Standard|Confirmed|2025-01-10 02:28:03
9988301732|Standard|Confirmed|2024-11-07 08:53:29
0390089596|Standard|Unconfirmed|2025-01-10 18:53:22
0390089596|Standard|Cancelled|2025-01-11 03:39:47
0390089596|Standard|Confirmed|2025-01-11 05:07:49
4967270234|Standard|Cancelled|2025-01-09 00:39:56
4967270234|Standard|Confirmed|2025-01-10 13:06:57
7529823781|Standard|Unconfirmed|2024-07-14 15:04:00
7529823781|Standard|Unconfirmed|2024-10-19 20:00:31
7529823781|Standard|Confirmed|2024-12-22 17:32:53
7064835926|Standard|Confirmed|2024-12-11 01:14:21
8287775163|Standard|Confirmed|2024-11-06 00:50:06
3760826468|Standard|Confirmed|2023-03-23 12:54:44
9719606511|Standard|Unconfirmed|2024-12-30 20:28:28
9719606511|Standard|Confirmed|2025-01-02 19:38:39
4819505208|Standard|Confirmed|2023-10-21 01:22:08
0929211779|Simplified|Confirmed|2024-12-24 20:57:47
7561121757|Simplified|Confirmed|2025-01-08 17:26:01
7777452418|Standard|Unconfirmed|2025-01-01 05:28:47
7777452418|Standard|Confirmed|2025-01-01 14:49:10
6801812866|Simplified|Confirmed|2024-01-28 21:39:47
6958561037|Simplified|Confirmed|2024-08-21 20:05:29
5766658712|Standard|Unconfirmed|2024-11-01 00:12:41
5766658712|Standard|Confirmed|2024-12-26 01:53:53
5805697360|Simplified|Unconfirmed|2023-05-22 08:33:23
5805697360|Simplified|Confirmed|2024-03-08 00:57:09
4244586693|Standard|Unconfirmed|2024-11-07 20:57:16
4244586693|Standard|Cancelled|2025-01-03 20:21:19
4244586693|Standard|Confirmed|2025-01-10 17:49:31
2781848108|Standard|Confirmed|2024-06-28 04:50:42
7833412819|Simplified|Confirmed|2023-10-21 07:19:44
4374982732|Simplified|Unconfirmed|2025-01-12 04:43:07
4374982732|Simplified|Confirmed|2025-01-12 16:28:35
5610690698|Standard|Confirmed|2024-12-26 05:21:14
4802736977|Simplified|Unconfirmed|2024-01-08 14:59:56
4802736977|Simplified|Confirmed|2024-11-06 04:10:46
4156363122|Standard|Confirmed|2024-05-02 23:22:31
8069968429|Standard|Confirmed|2024-08-05 05:54:39
4589565776|Standard|Unconfirmed|2023-09-16 15:25:19
4589565776|Standard|Confirmed|2023-10-05 20:21:10
5750977287|Standard|Cancelled|2023-06-23 23:51:23
5750977287|Standard|Confirmed|2024-06-11 14:19:43
3680886959|Standard|Confirmed|2024-09-28 19:21:47
4769270289|Standard|Confirmed|2024-12-14 17:06:44
2679423384|Standard|Confirmed|2024-04-07 09:06:28
9574636940|Standard|Confirmed|2023-12-30 08:37:57
7961556092|Standard|Confirmed|2023-10-14 01:33:58
4482597668|Simplified|Confirmed|2024-06-15 11:53:49
1818524957|Simplified|Confirmed|2024-02-02 11:21:48
3319128572|Standard|Confirmed|2024-07-30 09:07:26
5347616618|Standard|Unconfirmed|2024-10-02 03:36:46
5347616618|Standard|Confirmed|2024-10-24 14:14:09
4514835224|Standard|Cancelled|2023-02-17 18:30:12
4514835224|Standard|Confirmed|2023-07-12 18:01:02
7597539986|Standard|Confirmed|2024-06-20 18:08:39
5841705226|Simplified|Confirmed|2024-12-15 05:13:49
7304662815|Standard|Confirmed|2024-05-04 07:24:32
3905548714|Simplified|Confirmed|2024-06-16 04:00:41
5364883667|Standard|Unconfirmed|2024-10-24 16:21:49
5364883667|Standard|Confirmed|2024-12-29 02:30:41
6218307471|Standard|Confirmed|2024-06-20 15:18:31
3268612851|Simplified|Cancelled|2024-09-25 16:30:06
3268612851|Simplified|Confirmed|2024-12-28 00:54:02
2803421046|Standard|Confirmed|2024-01-23 02:44:55
2895169317|Standard|Unconfirmed|2022-12-29 13:59:41
2895169317|Standard|Confirmed|2023-07-28 08:43:58
9111425729|Standard|Unconfirmed|2024-02-17 09:17:37
9111425729|Standard|Confirmed|2024-10-11 00:28:06
8869972646|Standard|Confirmed|2023-03-24 07:38:09
0360084128|Standard|Confirmed|2025-01-06 23:58:15
2976410147|Simplified|Confirmed|2024-12-28 17:18:47
3290905786|Simplified|Cancelled|2024-07-07 20:04:25
3290905786|Simplified|Confirmed|2024-12-29 21:43:25
4119397716|Standard|Confirmed|2024-04-08 16:57:50
3730868784|Standard|Confirmed|2025-01-06 03:07:36
9589624442|Simplified|Cancelled|2024-09-20 12:06:19
9589624442|Simplified|Confirmed|2024-12-29 18:22:49
2564377699|Standard|Confirmed|2023-03-31 06:52:20
0444067525|Standard|Confirmed|2022-09-03 13:28:23
3653591634|Standard|Confirmed|2024-09-21 09:32:24
0988349461|Standard|Confirmed|2023-06-10 07:29:14
3886338613|Standard|Confirmed|2024-08-08 04:19:44
8998363207|Standard|Confirmed|2023-01-22 21:03:05
6750373887|Standard|Confirmed|2023-11-22 05:50:36
3294156109|Simplified|Confirmed|2025-01-06 06:51:48
5328598221|Standard|Confirmed|2023-04-07 10:09:29
2233823039|Standard|Unconfirmed|2024-12-04 12:09:44
2233823039|Standard|Confirmed|2024-12-11 14:11:12
6920641802|Standard|Cancelled|2022-10-16 18:46:32
6920641802|Standard|Confirmed|2022-12-12 12:09:06
6026458802|Simplified|Confirmed|2024-04-26 12:36:47
8517676546|Standard|Confirmed|2024-12-04 04:56:14
5770262193|Standard|Confirmed|2024-04-05 23:18:45
5406202481|Standard|Confirmed|2024-12-26 22:55:44
5062565902|Standard|Unconfirmed|2024-09-05 12:22:29
5062565902|Standard|Confirmed|2024-11-28 22:36:00
6131623433|Standard|Cancelled|2024-01-22 21:07:46
6131623433|Standard|Confirmed|2024-08-06 19:56:21
8906463978|Standard|Cancelled|2024-10-25 21:06:24
8906463978|Standard|Confirmed|2025-01-07 04:22:35
4142018843|Standard|Unconfirmed|2023-12-09 16:52:32
4142018843|Standard|Confirmed|2024-11-26 04:23:54
3070115693|Standard|Confirmed|2024-12-25 05:10:29
4370519938|Simplified|Confirmed|2024-11-10 04:19:38
4463611123|Simplified|Unconfirmed|2023-06-28 08:07:58
4463611123|Simplified|Confirmed|2024-02-12 02:12:56
7251025921|Standard|Confirmed|2023-11-06 06:01:13
1015930298|Simplified|Confirmed|2023-04-27 04:10:16
7160934125|Simplified|Confirmed|2022-09-25 23:42:13
8039549153|Standard|Confirmed|2024-11-14 04:47:03
8521022324|Standard|Confirmed|2024-08-01 18:13:49
1149020195|Standard|Confirmed|2024-12-22 19:18:05
3280885953|Simplified|Confirmed|2024-08-17 18:32:58
7701910319|Standard|Unconfirmed|2025-01-10 03:04:25
7701910319|Standard|Unconfirmed|2025-01-10 06:30:11
7701910319|Standard|Confirmed|2025-01-12 10:08:43
5258727824|Standard|Cancelled|2023-07-19 08:26:13
5258727824|Standard|Confirmed|2023-08-28 16:58:11
4480750085|Standard|Confirmed|2024-06-09 11:34:24
0808242696|Standard|Confirmed|2024-01-24 21:24:51
3810612899|Standard|Confirmed|2024-03-22 11:45:33
0345797859|Standard|Confirmed|2023-10-29 22:08:22
8886305679|Simplified|Unconfirmed|2024-11-23 22:57:44
8886305679|Simplified|Confirmed|2024-12-27 18:07:59
9381819065|Standard|Unconfirmed|2024-01-08 23:40:25
9381819065|Standard|Confirmed|2024-06-30 23:19:41
7814608055|Standard|Unconfirmed|2024-06-01 16:00:58
7814608055|Standard|Confirmed|2025-01-09 11:52:07
3231127828|Standard|Confirmed|2024-04-17 22:27:35
9797864194|Standard|Confirmed|2024-12-27 20:14:02
8195274197|Simplified|Unconfirmed|2024-10-19 09:01:52
8195274197|Simplified|Confirmed|2024-12-07 09:15:54
9298506788|Standard|Confirmed|2023-03-26 15:52:49
1211666048|Simplified|Confirmed|2023-10-02 09:22:39
7702477527|Simplified|Confirmed|2022-09-20 01:48:45
9198635049|Standard|Confirmed|2023-12-09 08:39:28
0265342975|Simplified|Confirmed|2023-09-18 14:03:51
8618155894|Standard|Confirmed|2023-08-13 15:10:56
0861594310|Standard|Confirmed|2024-05-03 00:50:16
5545411813|Standard|Confirmed|2022-08-07 02:02:40
1107973045|Standard|Confirmed|2023-03-11 05:27:15
6192293734|Standard|Confirmed|2024-09-11 21:56:56
9539999530|Standard|Confirmed|2024-12-25 12:54:43
3879861699|Standard|Confirmed|2024-05-12 10:16:13
0347274756|Simplified|Confirmed|2022-07-03 03:05:32
8595427754|Simplified|Confirmed|2024-11-29 12:25:29
4983699640|Simplified|Confirmed|2023-12-16 23:55:57
2045651630|Simplified|Confirmed|2024-05-03 19:15:00
4357920303|Simplified|Confirmed|2024-02-03 04:12:47
3990934899|Simplified|Confirmed|2024-09-09 19:30:18
6746346717|Standard|Confirmed|2024-11-30 14:56:48
5498792044|Standard|Confirmed|2024-03-03 09:37:03
8645923230|Standard|Confirmed|2022-08-19 02:31:59
1467514195|Simplified|Confirmed|2024-12-18 15:46:27
2138713683|Standard|Confirmed|2024-11-09 05:29:40
8943895013|Standard|Confirmed|2025-01-03 01:11:40
2028618016|Standard|Confirmed|2024-08-11 14:59:37
6855398313|Simplified|Confirmed|2024-11-19 02:38:04
9847806634|Standard|Unconfirmed|2023-06-19 12:25:27
9847806634|Standard|Confirmed|2024-11-24 08:47:27
